index,voted
0,2
1,2
2,1
3,1
4,1
5,2
6,1
7,1
8,1
9,1
10,2
11,1
12,2
13,1
14,1
15,1
16,2
17,2
18,2
19,2
20,2
21,1
22,2
23,2
24,1
25,1
26,1
27,2
28,2
29,2
30,2
31,1
32,2
33,1
34,2
35,1
36,2
37,1
38,1
39,2
40,2
41,2
42,1
43,1
44,1
45,1
46,1
47,2
48,1
49,2
50,2
51,1
52,2
53,1
54,2
55,1
56,1
57,2
58,1
59,2
60,2
61,1
62,1
63,1
64,2
65,2
66,1
67,1
68,2
69,1
70,1
71,1
72,1
73,2
74,1
75,2
76,1
77,2
78,2
79,1
80,2
81,2
82,1
83,2
84,2
85,1
86,1
87,2
88,2
89,2
90,2
91,1
92,1
93,2
94,2
95,1
96,1
97,1
98,1
99,2
100,2
101,1
102,2
103,2
104,1
105,2
106,2
107,2
108,2
109,1
110,1
111,1
112,1
113,2
114,2
115,1
116,1
117,2
118,2
119,2
120,1
121,2
122,2
123,1
124,2
125,1
126,1
127,2
128,1
129,2
130,2
131,2
132,1
133,1
134,2
135,2
136,2
137,1
138,2
139,2
140,1
141,2
142,1
143,1
144,1
145,2
146,1
147,2
148,2
149,1
150,2
151,1
152,2
153,1
154,2
155,1
156,1
157,1
158,1
159,2
160,2
161,1
162,2
163,1
164,2
165,2
166,1
167,1
168,2
169,1
170,2
171,2
172,2
173,2
174,2
175,2
176,1
177,1
178,1
179,1
180,1
181,1
182,2
183,1
184,2
185,2
186,1
187,1
188,1
189,2
190,2
191,2
192,2
193,2
194,2
195,1
196,2
197,2
198,2
199,2
200,1
201,2
202,1
203,1
204,2
205,1
206,1
207,2
208,1
209,2
210,2
211,2
212,2
213,1
214,2
215,1
216,2
217,2
218,1
219,2
220,2
221,2
222,1
223,1
224,1
225,2
226,1
227,2
228,1
229,1
230,1
231,2
232,2
233,1
234,2
235,2
236,2
237,1
238,2
239,1
240,1
241,1
242,1
243,1
244,1
245,2
246,2
247,2
248,1
249,2
250,1
251,2
252,2
253,2
254,1
255,2
256,2
257,1
258,1
259,2
260,2
261,2
262,2
263,2
264,2
265,2
266,2
267,1
268,1
269,2
270,2
271,1
272,2
273,1
274,2
275,2
276,2
277,1
278,1
279,1
280,1
281,1
282,2
283,1
284,1
285,2
286,1
287,1
288,2
289,1
290,2
291,2
292,2
293,2
294,2
295,2
296,2
297,2
298,1
299,2
300,1
301,2
302,1
303,2
304,1
305,2
306,1
307,1
308,1
309,2
310,2
311,2
312,2
313,1
314,1
315,1
316,2
317,2
318,2
319,2
320,2
321,1
322,2
323,2
324,1
325,1
326,1
327,1
328,2
329,2
330,1
331,1
332,1
333,1
334,2
335,1
336,1
337,1
338,1
339,2
340,2
341,1
342,2
343,2
344,1
345,1
346,2
347,2
348,1
349,2
350,1
351,1
352,2
353,1
354,1
355,1
356,2
357,2
358,2
359,1
360,1
361,2
362,2
363,2
364,2
365,2
366,1
367,1
368,1
369,1
370,2
371,2
372,2
373,1
374,1
375,2
376,2
377,2
378,1
379,1
380,1
381,1
382,2
383,2
384,2
385,1
386,1
387,2
388,1
389,1
390,1
391,2
392,2
393,1
394,1
395,2
396,1
397,2
398,2
399,2
400,2
401,2
402,1
403,1
404,2
405,2
406,1
407,2
408,1
409,2
410,1
411,2
412,2
413,2
414,2
415,1
416,2
417,2
418,2
419,2
420,2
421,1
422,2
423,1
424,2
425,1
426,2
427,2
428,2
429,2
430,1
431,2
432,2
433,2
434,2
435,2
436,2
437,2
438,2
439,1
440,1
441,2
442,2
443,1
444,2
445,2
446,1
447,1
448,1
449,1
450,2
451,2
452,1
453,2
454,2
455,2
456,2
457,2
458,1
459,2
460,2
461,1
462,1
463,2
464,2
465,1
466,1
467,2
468,1
469,2
470,2
471,2
472,2
473,1
474,1
475,2
476,2
477,2
478,2
479,1
480,2
481,1
482,1
483,1
484,1
485,1
486,2
487,1
488,1
489,1
490,2
491,1
492,2
493,1
494,1
495,1
496,1
497,1
498,1
499,2
500,1
501,2
502,1
503,2
504,1
505,2
506,2
507,2
508,1
509,1
510,2
511,2
512,1
513,1
514,2
515,1
516,2
517,2
518,1
519,2
520,2
521,1
522,1
523,1
524,2
525,2
526,1
527,1
528,2
529,1
530,2
531,2
532,2
533,2
534,2
535,2
536,1
537,2
538,2
539,2
540,1
541,2
542,1
543,2
544,2
545,1
546,2
547,1
548,1
549,2
550,2
551,1
552,2
553,1
554,2
555,2
556,2
557,1
558,2
559,2
560,2
561,2
562,2
563,2
564,2
565,2
566,1
567,2
568,2
569,1
570,1
571,2
572,2
573,1
574,2
575,2
576,1
577,2
578,2
579,2
580,1
581,2
582,2
583,1
584,1
585,2
586,1
587,2
588,1
589,2
590,2
591,1
592,1
593,1
594,2
595,2
596,1
597,1
598,1
599,1
600,1
601,2
602,1
603,2
604,1
605,1
606,2
607,2
608,1
609,2
610,2
611,1
612,2
613,1
614,2
615,2
616,2
617,2
618,2
619,2
620,2
621,2
622,1
623,2
624,2
625,1
626,2
627,2
628,2
629,1
630,1
631,2
632,1
633,2
634,2
635,2
636,2
637,2
638,2
639,1
640,2
641,2
642,2
643,2
644,2
645,1
646,2
647,1
648,2
649,2
650,2
651,1
652,1
653,2
654,2
655,1
656,1
657,2
658,1
659,2
660,2
661,1
662,2
663,2
664,2
665,2
666,1
667,2
668,1
669,2
670,2
671,2
672,2
673,2
674,2
675,1
676,1
677,2
678,1
679,1
680,2
681,1
682,1
683,2
684,1
685,2
686,1
687,1
688,2
689,1
690,1
691,2
692,2
693,2
694,2
695,1
696,2
697,1
698,2
699,2
700,2
701,2
702,1
703,1
704,2
705,2
706,1
707,1
708,2
709,2
710,2
711,2
712,1
713,2
714,1
715,2
716,2
717,2
718,2
719,1
720,2
721,1
722,1
723,1
724,1
725,2
726,1
727,1
728,2
729,1
730,1
731,2
732,2
733,2
734,1
735,1
736,1
737,2
738,2
739,1
740,1
741,2
742,1
743,1
744,1
745,1
746,2
747,2
748,1
749,2
750,1
751,2
752,1
753,2
754,2
755,2
756,2
757,1
758,2
759,2
760,2
761,2
762,2
763,1
764,2
765,1
766,1
767,1
768,2
769,1
770,1
771,2
772,2
773,1
774,2
775,1
776,1
777,2
778,2
779,1
780,2
781,2
782,2
783,2
784,2
785,2
786,2
787,2
788,1
789,2
790,2
791,2
792,1
793,1
794,2
795,2
796,2
797,1
798,2
799,2
800,1
801,2
802,2
803,1
804,1
805,2
806,2
807,2
808,1
809,1
810,1
811,2
812,2
813,2
814,2
815,1
816,1
817,1
818,1
819,2
820,2
821,2
822,1
823,2
824,2
825,2
826,1
827,2
828,2
829,1
830,2
831,2
832,2
833,1
834,2
835,1
836,2
837,1
838,2
839,2
840,2
841,2
842,2
843,1
844,1
845,2
846,1
847,2
848,2
849,2
850,1
851,2
852,1
853,1
854,2
855,2
856,2
857,2
858,1
859,1
860,1
861,1
862,1
863,2
864,2
865,1
866,2
867,1
868,2
869,1
870,1
871,2
872,1
873,2
874,1
875,2
876,2
877,1
878,2
879,2
880,2
881,2
882,2
883,1
884,1
885,2
886,1
887,2
888,1
889,2
890,1
891,1
892,2
893,2
894,2
895,1
896,2
897,2
898,1
899,2
900,1
901,1
902,2
903,1
904,2
905,2
906,2
907,2
908,1
909,1
910,1
911,2
912,1
913,1
914,2
915,2
916,1
917,1
918,1
919,2
920,2
921,1
922,1
923,1
924,1
925,1
926,2
927,2
928,2
929,1
930,2
931,2
932,1
933,1
934,2
935,2
936,1
937,2
938,1
939,2
940,2
941,1
942,2
943,1
944,2
945,2
946,1
947,1
948,2
949,2
950,2
951,2
952,2
953,2
954,1
955,2
956,1
957,1
958,2
959,1
960,1
961,1
962,1
963,1
964,2
965,2
966,1
967,2
968,2
969,1
970,1
971,2
972,1
973,2
974,2
975,1
976,2
977,1
978,1
979,1
980,2
981,2
982,2
983,2
984,2
985,1
986,2
987,2
988,1
989,1
990,2
991,2
992,2
993,2
994,2
995,2
996,2
997,2
998,2
999,1
1000,2
1001,1
1002,2
1003,2
1004,1
1005,1
1006,1
1007,2
1008,1
1009,1
1010,2
1011,2
1012,1
1013,1
1014,2
1015,2
1016,1
1017,2
1018,2
1019,1
1020,1
1021,1
1022,2
1023,1
1024,2
1025,2
1026,2
1027,2
1028,1
1029,2
1030,1
1031,2
1032,1
1033,1
1034,2
1035,2
1036,2
1037,1
1038,2
1039,1
1040,2
1041,2
1042,1
1043,2
1044,2
1045,1
1046,1
1047,1
1048,2
1049,1
1050,2
1051,1
1052,2
1053,2
1054,1
1055,1
1056,2
1057,2
1058,2
1059,1
1060,2
1061,2
1062,1
1063,2
1064,1
1065,2
1066,1
1067,2
1068,1
1069,2
1070,1
1071,1
1072,1
1073,1
1074,1
1075,2
1076,1
1077,1
1078,2
1079,2
1080,2
1081,1
1082,1
1083,1
1084,2
1085,1
1086,1
1087,2
1088,2
1089,2
1090,2
1091,2
1092,1
1093,1
1094,1
1095,1
1096,2
1097,1
1098,2
1099,2
1100,1
1101,2
1102,2
1103,1
1104,2
1105,1
1106,2
1107,2
1108,1
1109,2
1110,2
1111,2
1112,1
1113,2
1114,2
1115,2
1116,2
1117,1
1118,2
1119,1
1120,2
1121,1
1122,2
1123,2
1124,1
1125,2
1126,1
1127,1
1128,1
1129,2
1130,1
1131,1
1132,2
1133,2
1134,2
1135,1
1136,2
1137,2
1138,2
1139,2
1140,2
1141,1
1142,1
1143,2
1144,2
1145,1
1146,1
1147,1
1148,2
1149,1
1150,2
1151,2
1152,1
1153,1
1154,2
1155,2
1156,2
1157,2
1158,2
1159,1
1160,2
1161,1
1162,2
1163,2
1164,1
1165,2
1166,2
1167,1
1168,2
1169,1
1170,1
1171,2
1172,1
1173,1
1174,1
1175,1
1176,2
1177,1
1178,2
1179,2
1180,1
1181,2
1182,2
1183,2
1184,2
1185,1
1186,2
1187,2
1188,2
1189,1
1190,1
1191,2
1192,2
1193,2
1194,2
1195,1
1196,2
1197,1
1198,2
1199,2
1200,2
1201,2
1202,2
1203,2
1204,2
1205,1
1206,2
1207,1
1208,1
1209,1
1210,1
1211,1
1212,1
1213,2
1214,2
1215,2
1216,2
1217,1
1218,1
1219,1
1220,1
1221,1
1222,2
1223,2
1224,1
1225,1
1226,2
1227,2
1228,1
1229,1
1230,2
1231,1
1232,2
1233,2
1234,1
1235,2
1236,2
1237,2
1238,2
1239,1
1240,2
1241,2
1242,2
1243,1
1244,2
1245,2
1246,1
1247,2
1248,2
1249,1
1250,1
1251,2
1252,1
1253,1
1254,2
1255,2
1256,2
1257,2
1258,1
1259,2
1260,1
1261,1
1262,2
1263,2
1264,1
1265,1
1266,1
1267,2
1268,2
1269,2
1270,2
1271,2
1272,2
1273,2
1274,2
1275,2
1276,1
1277,2
1278,1
1279,2
1280,1
1281,2
1282,1
1283,1
1284,1
1285,1
1286,2
1287,1
1288,2
1289,1
1290,2
1291,2
1292,2
1293,1
1294,2
1295,2
1296,2
1297,1
1298,2
1299,2
1300,1
1301,1
1302,2
1303,1
1304,2
1305,2
1306,2
1307,2
1308,2
1309,2
1310,2
1311,2
1312,2
1313,2
1314,2
1315,2
1316,2
1317,1
1318,2
1319,2
1320,2
1321,1
1322,2
1323,2
1324,2
1325,2
1326,2
1327,2
1328,1
1329,2
1330,2
1331,2
1332,2
1333,2
1334,1
1335,2
1336,2
1337,2
1338,1
1339,1
1340,1
1341,1
1342,2
1343,2
1344,1
1345,1
1346,1
1347,2
1348,2
1349,2
1350,1
1351,1
1352,2
1353,2
1354,1
1355,2
1356,1
1357,2
1358,1
1359,1
1360,1
1361,2
1362,2
1363,2
1364,2
1365,1
1366,1
1367,1
1368,2
1369,1
1370,1
1371,1
1372,2
1373,2
1374,1
1375,1
1376,2
1377,2
1378,2
1379,2
1380,1
1381,1
1382,1
1383,2
1384,2
1385,1
1386,1
1387,2
1388,1
1389,2
1390,2
1391,2
1392,2
1393,1
1394,2
1395,1
1396,1
1397,2
1398,2
1399,1
1400,2
1401,2
1402,2
1403,1
1404,2
1405,2
1406,1
1407,1
1408,1
1409,1
1410,1
1411,1
1412,2
1413,1
1414,1
1415,2
1416,2
1417,1
1418,2
1419,2
1420,1
1421,2
1422,2
1423,1
1424,1
1425,1
1426,2
1427,1
1428,2
1429,1
1430,1
1431,1
1432,1
1433,1
1434,2
1435,2
1436,2
1437,1
1438,2
1439,1
1440,1
1441,2
1442,2
1443,1
1444,2
1445,2
1446,1
1447,1
1448,2
1449,1
1450,2
1451,1
1452,2
1453,2
1454,2
1455,2
1456,1
1457,2
1458,1
1459,2
1460,2
1461,1
1462,1
1463,1
1464,1
1465,2
1466,1
1467,2
1468,1
1469,2
1470,2
1471,2
1472,1
1473,1
1474,1
1475,2
1476,1
1477,2
1478,2
1479,1
1480,1
1481,2
1482,2
1483,1
1484,1
1485,2
1486,1
1487,2
1488,2
1489,1
1490,1
1491,1
1492,1
1493,2
1494,2
1495,2
1496,1
1497,1
1498,2
1499,2
1500,1
1501,2
1502,2
1503,1
1504,2
1505,1
1506,2
1507,2
1508,1
1509,2
1510,1
1511,2
1512,2
1513,1
1514,2
1515,2
1516,2
1517,1
1518,1
1519,1
1520,1
1521,2
1522,2
1523,2
1524,2
1525,1
1526,2
1527,2
1528,2
1529,1
1530,1
1531,1
1532,1
1533,2
1534,2
1535,1
1536,1
1537,2
1538,2
1539,2
1540,2
1541,2
1542,1
1543,1
1544,1
1545,1
1546,1
1547,1
1548,2
1549,2
1550,2
1551,1
1552,2
1553,2
1554,2
1555,2
1556,2
1557,2
1558,1
1559,2
1560,2
1561,2
1562,2
1563,1
1564,2
1565,2
1566,2
1567,1
1568,1
1569,1
1570,2
1571,1
1572,2
1573,2
1574,2
1575,2
1576,1
1577,2
1578,1
1579,1
1580,1
1581,2
1582,1
1583,2
1584,2
1585,2
1586,2
1587,2
1588,2
1589,2
1590,2
1591,2
1592,1
1593,2
1594,2
1595,1
1596,1
1597,1
1598,2
1599,1
1600,2
1601,2
1602,1
1603,2
1604,2
1605,2
1606,2
1607,2
1608,1
1609,2
1610,1
1611,1
1612,1
1613,2
1614,2
1615,2
1616,2
1617,2
1618,2
1619,2
1620,1
1621,1
1622,2
1623,1
1624,1
1625,2
1626,1
1627,2
1628,1
1629,1
1630,1
1631,1
1632,2
1633,2
1634,2
1635,2
1636,2
1637,2
1638,1
1639,1
1640,2
1641,2
1642,2
1643,1
1644,2
1645,1
1646,2
1647,2
1648,2
1649,2
1650,1
1651,1
1652,2
1653,1
1654,1
1655,1
1656,2
1657,2
1658,2
1659,2
1660,1
1661,1
1662,2
1663,2
1664,2
1665,2
1666,1
1667,1
1668,2
1669,2
1670,2
1671,1
1672,1
1673,2
1674,2
1675,1
1676,1
1677,2
1678,2
1679,1
1680,1
1681,2
1682,1
1683,1
1684,1
1685,1
1686,1
1687,1
1688,2
1689,1
1690,2
1691,1
1692,1
1693,1
1694,2
1695,2
1696,2
1697,2
1698,2
1699,1
1700,2
1701,1
1702,1
1703,2
1704,2
1705,2
1706,2
1707,2
1708,1
1709,2
1710,1
1711,1
1712,1
1713,1
1714,2
1715,2
1716,1
1717,2
1718,2
1719,1
1720,1
1721,1
1722,1
1723,2
1724,2
1725,1
1726,2
1727,2
1728,2
1729,1
1730,1
1731,2
1732,2
1733,2
1734,2
1735,2
1736,1
1737,2
1738,2
1739,2
1740,2
1741,1
1742,2
1743,1
1744,1
1745,1
1746,1
1747,1
1748,2
1749,1
1750,1
1751,2
1752,1
1753,1
1754,2
1755,1
1756,1
1757,1
1758,1
1759,1
1760,1
1761,2
1762,1
1763,1
1764,1
1765,1
1766,2
1767,2
1768,1
1769,2
1770,2
1771,2
1772,1
1773,2
1774,2
1775,2
1776,1
1777,2
1778,2
1779,1
1780,1
1781,2
1782,2
1783,2
1784,2
1785,1
1786,1
1787,2
1788,2
1789,2
1790,2
1791,1
1792,2
1793,2
1794,2
1795,1
1796,1
1797,2
1798,2
1799,1
1800,1
1801,2
1802,1
1803,2
1804,2
1805,1
1806,1
1807,2
1808,2
1809,1
1810,2
1811,2
1812,1
1813,2
1814,2
1815,2
1816,1
1817,1
1818,1
1819,2
1820,2
1821,2
1822,2
1823,2
1824,2
1825,2
1826,1
1827,2
1828,1
1829,1
1830,2
1831,1
1832,1
1833,2
1834,1
1835,2
1836,2
1837,1
1838,2
1839,1
1840,2
1841,2
1842,2
1843,2
1844,2
1845,1
1846,2
1847,1
1848,2
1849,1
1850,2
1851,2
1852,1
1853,2
1854,1
1855,1
1856,2
1857,1
1858,2
1859,2
1860,2
1861,1
1862,1
1863,2
1864,2
1865,2
1866,2
1867,2
1868,1
1869,2
1870,2
1871,2
1872,2
1873,2
1874,2
1875,1
1876,2
1877,2
1878,1
1879,2
1880,1
1881,1
1882,2
1883,2
1884,1
1885,1
1886,1
1887,2
1888,1
1889,1
1890,1
1891,2
1892,2
1893,2
1894,1
1895,2
1896,1
1897,2
1898,1
1899,2
1900,1
1901,1
1902,1
1903,2
1904,2
1905,1
1906,1
1907,2
1908,1
1909,2
1910,1
1911,2
1912,1
1913,1
1914,2
1915,2
1916,2
1917,2
1918,1
1919,1
1920,1
1921,1
1922,1
1923,1
1924,1
1925,1
1926,1
1927,1
1928,2
1929,2
1930,2
1931,2
1932,1
1933,2
1934,2
1935,1
1936,2
1937,1
1938,2
1939,2
1940,2
1941,2
1942,2
1943,2
1944,1
1945,1
1946,2
1947,2
1948,2
1949,1
1950,1
1951,2
1952,1
1953,2
1954,2
1955,2
1956,1
1957,1
1958,1
1959,1
1960,2
1961,1
1962,1
1963,2
1964,2
1965,1
1966,2
1967,1
1968,2
1969,2
1970,2
1971,2
1972,2
1973,2
1974,2
1975,2
1976,1
1977,2
1978,1
1979,2
1980,2
1981,1
1982,1
1983,1
1984,2
1985,2
1986,1
1987,2
1988,2
1989,1
1990,1
1991,1
1992,1
1993,2
1994,2
1995,1
1996,2
1997,2
1998,2
1999,2
2000,2
2001,1
2002,1
2003,2
2004,2
2005,2
2006,2
2007,1
2008,1
2009,2
2010,1
2011,2
2012,2
2013,2
2014,2
2015,2
2016,2
2017,2
2018,2
2019,2
2020,2
2021,2
2022,1
2023,2
2024,1
2025,1
2026,2
2027,1
2028,1
2029,1
2030,2
2031,1
2032,2
2033,2
2034,2
2035,1
2036,1
2037,1
2038,2
2039,1
2040,2
2041,2
2042,2
2043,1
2044,1
2045,1
2046,1
2047,1
2048,1
2049,2
2050,2
2051,2
2052,1
2053,2
2054,2
2055,2
2056,2
2057,2
2058,1
2059,2
2060,2
2061,2
2062,1
2063,1
2064,2
2065,1
2066,2
2067,1
2068,2
2069,2
2070,1
2071,2
2072,1
2073,2
2074,2
2075,2
2076,2
2077,2
2078,2
2079,2
2080,2
2081,1
2082,1
2083,2
2084,2
2085,1
2086,2
2087,2
2088,2
2089,1
2090,1
2091,1
2092,1
2093,2
2094,2
2095,2
2096,2
2097,2
2098,1
2099,2
2100,2
2101,1
2102,2
2103,1
2104,1
2105,1
2106,1
2107,2
2108,1
2109,1
2110,2
2111,2
2112,2
2113,1
2114,2
2115,2
2116,1
2117,2
2118,2
2119,2
2120,2
2121,1
2122,1
2123,1
2124,1
2125,1
2126,1
2127,2
2128,2
2129,1
2130,1
2131,1
2132,1
2133,2
2134,1
2135,2
2136,1
2137,1
2138,1
2139,2
2140,1
2141,1
2142,2
2143,1
2144,2
2145,2
2146,2
2147,1
2148,2
2149,1
2150,2
2151,2
2152,2
2153,2
2154,1
2155,2
2156,2
2157,2
2158,1
2159,2
2160,2
2161,2
2162,2
2163,1
2164,2
2165,2
2166,1
2167,1
2168,1
2169,2
2170,2
2171,2
2172,2
2173,1
2174,2
2175,2
2176,2
2177,2
2178,2
2179,2
2180,2
2181,2
2182,1
2183,1
2184,1
2185,2
2186,1
2187,1
2188,1
2189,1
2190,2
2191,2
2192,1
2193,2
2194,1
2195,2
2196,2
2197,2
2198,1
2199,2
2200,2
2201,2
2202,2
2203,1
2204,1
2205,1
2206,1
2207,1
2208,2
2209,1
2210,2
2211,2
2212,1
2213,1
2214,1
2215,2
2216,1
2217,2
2218,1
2219,2
2220,1
2221,2
2222,2
2223,2
2224,2
2225,2
2226,1
2227,2
2228,1
2229,2
2230,1
2231,1
2232,1
2233,1
2234,1
2235,1
2236,2
2237,2
2238,2
2239,1
2240,2
2241,2
2242,1
2243,2
2244,2
2245,2
2246,2
2247,1
2248,1
2249,1
2250,2
2251,2
2252,2
2253,2
2254,1
2255,1
2256,2
2257,1
2258,1
2259,1
2260,1
2261,1
2262,1
2263,1
2264,1
2265,2
2266,2
2267,1
2268,2
2269,1
2270,1
2271,1
2272,2
2273,1
2274,1
2275,2
2276,1
2277,1
2278,2
2279,2
2280,1
2281,1
2282,2
2283,2
2284,1
2285,2
2286,2
2287,2
2288,2
2289,2
2290,2
2291,1
2292,1
2293,1
2294,2
2295,2
2296,2
2297,1
2298,1
2299,2
2300,1
2301,1
2302,2
2303,2
2304,2
2305,2
2306,1
2307,2
2308,2
2309,1
2310,1
2311,2
2312,2
2313,1
2314,2
2315,1
2316,2
2317,2
2318,1
2319,2
2320,1
2321,2
2322,1
2323,1
2324,1
2325,2
2326,2
2327,2
2328,2
2329,1
2330,2
2331,2
2332,2
2333,1
2334,1
2335,2
2336,2
2337,1
2338,1
2339,2
2340,1
2341,1
2342,1
2343,1
2344,2
2345,2
2346,1
2347,2
2348,1
2349,1
2350,1
2351,1
2352,1
2353,1
2354,1
2355,2
2356,1
2357,2
2358,1
2359,2
2360,2
2361,1
2362,1
2363,2
2364,2
2365,2
2366,2
2367,2
2368,2
2369,2
2370,2
2371,2
2372,2
2373,1
2374,2
2375,2
2376,2
2377,2
2378,2
2379,2
2380,1
2381,1
2382,1
2383,1
2384,1
2385,2
2386,1
2387,2
2388,2
2389,2
2390,1
2391,2
2392,2
2393,2
2394,2
2395,2
2396,1
2397,1
2398,2
2399,2
2400,2
2401,1
2402,2
2403,2
2404,1
2405,2
2406,2
2407,2
2408,2
2409,2
2410,1
2411,2
2412,1
2413,2
2414,1
2415,1
2416,2
2417,1
2418,1
2419,2
2420,1
2421,2
2422,2
2423,1
2424,2
2425,1
2426,2
2427,2
2428,2
2429,2
2430,2
2431,2
2432,1
2433,2
2434,1
2435,1
2436,2
2437,1
2438,2
2439,2
2440,2
2441,1
2442,1
2443,1
2444,1
2445,2
2446,2
2447,2
2448,2
2449,1
2450,1
2451,2
2452,2
2453,2
2454,1
2455,2
2456,2
2457,1
2458,2
2459,1
2460,2
2461,2
2462,1
2463,1
2464,2
2465,1
2466,2
2467,1
2468,2
2469,2
2470,1
2471,1
2472,2
2473,2
2474,2
2475,2
2476,1
2477,1
2478,2
2479,2
2480,1
2481,1
2482,1
2483,1
2484,1
2485,2
2486,1
2487,1
2488,2
2489,2
2490,2
2491,1
2492,1
2493,2
2494,2
2495,2
2496,1
2497,2
2498,2
2499,1
2500,2
2501,2
2502,2
2503,2
2504,2
2505,2
2506,1
2507,2
2508,2
2509,1
2510,1
2511,2
2512,1
2513,2
2514,2
2515,1
2516,2
2517,1
2518,2
2519,2
2520,2
2521,2
2522,2
2523,1
2524,1
2525,1
2526,2
2527,2
2528,2
2529,2
2530,2
2531,1
2532,2
2533,1
2534,1
2535,1
2536,2
2537,1
2538,1
2539,2
2540,2
2541,1
2542,2
2543,2
2544,2
2545,2
2546,1
2547,1
2548,2
2549,2
2550,2
2551,2
2552,1
2553,2
2554,1
2555,2
2556,2
2557,1
2558,2
2559,1
2560,2
2561,1
2562,1
2563,2
2564,2
2565,2
2566,1
2567,2
2568,1
2569,1
2570,2
2571,1
2572,1
2573,2
2574,1
2575,2
2576,2
2577,2
2578,1
2579,1
2580,1
2581,2
2582,2
2583,2
2584,2
2585,2
2586,2
2587,1
2588,2
2589,1
2590,1
2591,2
2592,2
2593,1
2594,2
2595,1
2596,2
2597,1
2598,2
2599,2
2600,2
2601,2
2602,2
2603,1
2604,1
2605,2
2606,1
2607,2
2608,1
2609,1
2610,2
2611,2
2612,2
2613,1
2614,1
2615,2
2616,1
2617,1
2618,1
2619,2
2620,2
2621,1
2622,1
2623,1
2624,1
2625,2
2626,2
2627,1
2628,2
2629,1
2630,2
2631,1
2632,2
2633,2
2634,1
2635,1
2636,2
2637,2
2638,2
2639,2
2640,1
2641,1
2642,2
2643,2
2644,1
2645,2
2646,2
2647,2
2648,2
2649,2
2650,1
2651,2
2652,1
2653,1
2654,2
2655,2
2656,2
2657,1
2658,1
2659,1
2660,2
2661,1
2662,2
2663,1
2664,1
2665,1
2666,1
2667,2
2668,1
2669,2
2670,2
2671,2
2672,2
2673,2
2674,2
2675,1
2676,2
2677,1
2678,1
2679,1
2680,1
2681,2
2682,1
2683,1
2684,1
2685,1
2686,1
2687,2
2688,1
2689,1
2690,2
2691,2
2692,2
2693,1
2694,1
2695,2
2696,2
2697,1
2698,2
2699,2
2700,2
2701,2
2702,2
2703,2
2704,1
2705,2
2706,1
2707,1
2708,1
2709,1
2710,1
2711,1
2712,2
2713,2
2714,2
2715,1
2716,1
2717,1
2718,2
2719,1
2720,1
2721,1
2722,1
2723,2
2724,1
2725,2
2726,2
2727,2
2728,2
2729,2
2730,2
2731,1
2732,1
2733,1
2734,1
2735,2
2736,1
2737,1
2738,2
2739,1
2740,2
2741,1
2742,2
2743,1
2744,2
2745,2
2746,2
2747,2
2748,2
2749,1
2750,2
2751,1
2752,2
2753,2
2754,2
2755,2
2756,2
2757,2
2758,2
2759,2
2760,1
2761,2
2762,2
2763,2
2764,1
2765,1
2766,1
2767,1
2768,2
2769,2
2770,1
2771,1
2772,1
2773,1
2774,1
2775,2
2776,2
2777,1
2778,1
2779,1
2780,1
2781,2
2782,2
2783,2
2784,1
2785,2
2786,2
2787,2
2788,1
2789,1
2790,1
2791,1
2792,1
2793,2
2794,1
2795,1
2796,2
2797,2
2798,2
2799,2
2800,1
2801,1
2802,1
2803,1
2804,1
2805,1
2806,2
2807,1
2808,1
2809,1
2810,2
2811,2
2812,2
2813,2
2814,1
2815,2
2816,2
2817,1
2818,1
2819,2
2820,1
2821,2
2822,1
2823,1
2824,2
2825,2
2826,1
2827,1
2828,2
2829,2
2830,1
2831,2
2832,2
2833,1
2834,2
2835,1
2836,2
2837,1
2838,1
2839,2
2840,2
2841,2
2842,1
2843,2
2844,2
2845,2
2846,1
2847,1
2848,1
2849,1
2850,2
2851,1
2852,1
2853,2
2854,1
2855,2
2856,1
2857,1
2858,2
2859,1
2860,2
2861,1
2862,2
2863,1
2864,2
2865,2
2866,1
2867,2
2868,2
2869,2
2870,2
2871,1
2872,1
2873,2
2874,1
2875,1
2876,2
2877,1
2878,1
2879,1
2880,2
2881,2
2882,2
2883,1
2884,2
2885,1
2886,1
2887,2
2888,1
2889,2
2890,1
2891,2
2892,1
2893,2
2894,1
2895,2
2896,2
2897,1
2898,2
2899,1
2900,1
2901,1
2902,2
2903,1
2904,2
2905,1
2906,1
2907,1
2908,2
2909,2
2910,2
2911,2
2912,1
2913,1
2914,2
2915,1
2916,1
2917,1
2918,1
2919,2
2920,2
2921,1
2922,1
2923,1
2924,1
2925,1
2926,2
2927,2
2928,2
2929,1
2930,2
2931,2
2932,1
2933,2
2934,1
2935,2
2936,1
2937,2
2938,2
2939,1
2940,1
2941,2
2942,2
2943,1
2944,2
2945,2
2946,2
2947,2
2948,1
2949,1
2950,2
2951,1
2952,2
2953,2
2954,1
2955,2
2956,2
2957,1
2958,2
2959,2
2960,2
2961,2
2962,2
2963,2
2964,2
2965,2
2966,1
2967,1
2968,2
2969,2
2970,2
2971,2
2972,1
2973,2
2974,1
2975,1
2976,1
2977,2
2978,1
2979,1
2980,1
2981,2
2982,1
2983,2
2984,1
2985,2
2986,2
2987,1
2988,1
2989,2
2990,1
2991,2
2992,2
2993,1
2994,1
2995,1
2996,1
2997,1
2998,2
2999,1
3000,2
3001,2
3002,2
3003,2
3004,1
3005,2
3006,2
3007,1
3008,1
3009,2
3010,1
3011,2
3012,2
3013,2
3014,2
3015,1
3016,2
3017,2
3018,1
3019,2
3020,2
3021,1
3022,1
3023,2
3024,1
3025,1
3026,2
3027,1
3028,2
3029,2
3030,2
3031,1
3032,1
3033,2
3034,2
3035,2
3036,1
3037,1
3038,2
3039,2
3040,2
3041,2
3042,1
3043,1
3044,2
3045,2
3046,1
3047,1
3048,2
3049,2
3050,2
3051,2
3052,2
3053,2
3054,1
3055,1
3056,1
3057,2
3058,1
3059,2
3060,2
3061,1
3062,1
3063,2
3064,2
3065,1
3066,2
3067,2
3068,1
3069,1
3070,1
3071,2
3072,1
3073,1
3074,1
3075,1
3076,2
3077,2
3078,1
3079,1
3080,2
3081,2
3082,2
3083,2
3084,1
3085,1
3086,1
3087,1
3088,2
3089,2
3090,2
3091,2
3092,1
3093,1
3094,2
3095,2
3096,2
3097,2
3098,1
3099,2
3100,2
3101,2
3102,2
3103,1
3104,1
3105,1
3106,2
3107,2
3108,1
3109,1
3110,1
3111,2
3112,2
3113,2
3114,2
3115,2
3116,1
3117,1
3118,1
3119,1
3120,2
3121,1
3122,2
3123,1
3124,2
3125,2
3126,2
3127,2
3128,1
3129,2
3130,1
3131,2
3132,1
3133,2
3134,1
3135,2
3136,1
3137,1
3138,2
3139,1
3140,1
3141,1
3142,1
3143,2
3144,2
3145,2
3146,2
3147,2
3148,2
3149,2
3150,1
3151,2
3152,2
3153,2
3154,2
3155,1
3156,2
3157,1
3158,1
3159,2
3160,1
3161,2
3162,1
3163,1
3164,1
3165,2
3166,2
3167,2
3168,2
3169,2
3170,2
3171,2
3172,1
3173,1
3174,2
3175,1
3176,1
3177,2
3178,2
3179,2
3180,2
3181,1
3182,1
3183,1
3184,1
3185,2
3186,1
3187,2
3188,2
3189,2
3190,1
3191,1
3192,1
3193,1
3194,2
3195,1
3196,1
3197,1
3198,2
3199,1
3200,2
3201,1
3202,2
3203,2
3204,1
3205,2
3206,2
3207,2
3208,2
3209,2
3210,1
3211,1
3212,2
3213,2
3214,2
3215,1
3216,1
3217,2
3218,2
3219,2
3220,1
3221,2
3222,2
3223,1
3224,2
3225,2
3226,2
3227,1
3228,1
3229,1
3230,1
3231,1
3232,2
3233,2
3234,1
3235,2
3236,2
3237,2
3238,2
3239,2
3240,2
3241,1
3242,2
3243,2
3244,2
3245,2
3246,1
3247,1
3248,2
3249,2
3250,1
3251,1
3252,2
3253,2
3254,2
3255,1
3256,1
3257,1
3258,2
3259,1
3260,2
3261,2
3262,2
3263,1
3264,2
3265,1
3266,2
3267,2
3268,1
3269,2
3270,1
3271,2
3272,1
3273,1
3274,2
3275,1
3276,1
3277,2
3278,1
3279,2
3280,2
3281,1
3282,1
3283,2
3284,2
3285,2
3286,2
3287,1
3288,2
3289,2
3290,1
3291,2
3292,2
3293,2
3294,2
3295,1
3296,2
3297,1
3298,1
3299,1
3300,2
3301,2
3302,2
3303,2
3304,1
3305,1
3306,1
3307,1
3308,2
3309,2
3310,2
3311,2
3312,2
3313,2
3314,1
3315,2
3316,2
3317,2
3318,2
3319,2
3320,1
3321,1
3322,2
3323,1
3324,1
3325,2
3326,2
3327,2
3328,1
3329,1
3330,2
3331,2
3332,1
3333,1
3334,2
3335,2
3336,2
3337,1
3338,2
3339,2
3340,2
3341,2
3342,1
3343,2
3344,2
3345,1
3346,2
3347,1
3348,2
3349,2
3350,2
3351,2
3352,1
3353,2
3354,2
3355,1
3356,2
3357,2
3358,2
3359,2
3360,1
3361,1
3362,2
3363,1
3364,2
3365,2
3366,1
3367,2
3368,1
3369,1
3370,1
3371,1
3372,2
3373,1
3374,2
3375,1
3376,1
3377,2
3378,2
3379,1
3380,1
3381,2
3382,1
3383,1
3384,1
3385,2
3386,1
3387,1
3388,2
3389,2
3390,2
3391,2
3392,2
3393,2
3394,2
3395,1
3396,2
3397,2
3398,2
3399,1
3400,1
3401,1
3402,2
3403,1
3404,2
3405,2
3406,1
3407,1
3408,1
3409,1
3410,1
3411,2
3412,2
3413,1
3414,1
3415,2
3416,2
3417,2
3418,1
3419,2
3420,2
3421,2
3422,1
3423,2
3424,2
3425,2
3426,1
3427,2
3428,1
3429,1
3430,1
3431,2
3432,1
3433,1
3434,1
3435,2
3436,1
3437,1
3438,2
3439,2
3440,1
3441,2
3442,2
3443,2
3444,2
3445,1
3446,2
3447,1
3448,2
3449,2
3450,2
3451,1
3452,2
3453,1
3454,2
3455,1
3456,2
3457,1
3458,2
3459,1
3460,1
3461,1
3462,1
3463,2
3464,1
3465,1
3466,2
3467,2
3468,2
3469,2
3470,1
3471,2
3472,2
3473,2
3474,2
3475,1
3476,2
3477,2
3478,2
3479,2
3480,1
3481,2
3482,2
3483,2
3484,1
3485,2
3486,1
3487,2
3488,1
3489,1
3490,2
3491,1
3492,1
3493,2
3494,2
3495,1
3496,1
3497,2
3498,1
3499,1
3500,2
3501,2
3502,2
3503,2
3504,1
3505,2
3506,1
3507,1
3508,2
3509,2
3510,2
3511,1
3512,1
3513,1
3514,1
3515,2
3516,2
3517,1
3518,1
3519,1
3520,2
3521,1
3522,2
3523,1
3524,2
3525,2
3526,1
3527,2
3528,1
3529,1
3530,1
3531,1
3532,2
3533,1
3534,1
3535,2
3536,2
3537,1
3538,2
3539,2
3540,1
3541,2
3542,1
3543,1
3544,2
3545,2
3546,2
3547,1
3548,2
3549,1
3550,2
3551,2
3552,1
3553,2
3554,2
3555,1
3556,2
3557,2
3558,2
3559,1
3560,1
3561,2
3562,2
3563,1
3564,1
3565,2
3566,2
3567,1
3568,1
3569,1
3570,1
3571,2
3572,2
3573,1
3574,2
3575,2
3576,2
3577,1
3578,2
3579,1
3580,1
3581,2
3582,1
3583,2
3584,2
3585,1
3586,1
3587,1
3588,1
3589,2
3590,2
3591,1
3592,1
3593,1
3594,2
3595,2
3596,2
3597,1
3598,2
3599,2
3600,1
3601,2
3602,2
3603,1
3604,1
3605,1
3606,2
3607,2
3608,2
3609,2
3610,2
3611,2
3612,2
3613,1
3614,2
3615,2
3616,2
3617,2
3618,1
3619,1
3620,1
3621,1
3622,1
3623,2
3624,2
3625,2
3626,2
3627,1
3628,1
3629,1
3630,1
3631,1
3632,2
3633,2
3634,1
3635,1
3636,2
3637,2
3638,1
3639,1
3640,2
3641,2
3642,1
3643,1
3644,2
3645,1
3646,1
3647,1
3648,2
3649,2
3650,1
3651,2
3652,2
3653,2
3654,2
3655,2
3656,2
3657,2
3658,2
3659,1
3660,2
3661,2
3662,2
3663,2
3664,2
3665,1
3666,1
3667,2
3668,2
3669,2
3670,1
3671,1
3672,1
3673,1
3674,2
3675,2
3676,1
3677,2
3678,1
3679,1
3680,2
3681,2
3682,1
3683,1
3684,2
3685,2
3686,2
3687,2
3688,2
3689,2
3690,2
3691,2
3692,1
3693,2
3694,1
3695,2
3696,1
3697,2
3698,2
3699,1
3700,2
3701,1
3702,1
3703,1
3704,2
3705,1
3706,1
3707,2
3708,1
3709,1
3710,2
3711,2
3712,1
3713,2
3714,1
3715,1
3716,1
3717,1
3718,1
3719,1
3720,1
3721,2
3722,1
3723,2
3724,2
3725,1
3726,1
3727,2
3728,2
3729,1
3730,1
3731,1
3732,2
3733,1
3734,2
3735,2
3736,1
3737,1
3738,1
3739,1
3740,1
3741,1
3742,2
3743,1
3744,2
3745,1
3746,2
3747,1
3748,2
3749,2
3750,1
3751,2
3752,2
3753,1
3754,1
3755,2
3756,1
3757,1
3758,2
3759,1
3760,1
3761,2
3762,2
3763,1
3764,1
3765,1
3766,2
3767,2
3768,2
3769,2
3770,2
3771,2
3772,2
3773,2
3774,2
3775,2
3776,2
3777,1
3778,1
3779,1
3780,1
3781,1
3782,1
3783,1
3784,1
3785,1
3786,2
3787,1
3788,1
3789,2
3790,1
3791,1
3792,1
3793,2
3794,1
3795,1
3796,1
3797,2
3798,1
3799,1
3800,1
3801,2
3802,1
3803,1
3804,2
3805,1
3806,1
3807,1
3808,1
3809,2
3810,1
3811,2
3812,2
3813,2
3814,1
3815,1
3816,1
3817,1
3818,2
3819,2
3820,2
3821,2
3822,2
3823,1
3824,1
3825,2
3826,1
3827,1
3828,1
3829,1
3830,2
3831,1
3832,2
3833,1
3834,2
3835,2
3836,2
3837,1
3838,1
3839,2
3840,2
3841,2
3842,1
3843,2
3844,2
3845,2
3846,1
3847,1
3848,2
3849,1
3850,1
3851,1
3852,2
3853,2
3854,2
3855,2
3856,1
3857,2
3858,2
3859,2
3860,2
3861,1
3862,2
3863,1
3864,2
3865,2
3866,2
3867,2
3868,1
3869,2
3870,2
3871,1
3872,2
3873,1
3874,1
3875,2
3876,1
3877,1
3878,1
3879,1
3880,2
3881,1
3882,2
3883,1
3884,2
3885,1
3886,2
3887,1
3888,2
3889,2
3890,2
3891,1
3892,1
3893,2
3894,1
3895,1
3896,2
3897,1
3898,2
3899,1
3900,1
3901,2
3902,2
3903,2
3904,1
3905,1
3906,2
3907,2
3908,2
3909,1
3910,2
3911,2
3912,2
3913,2
3914,2
3915,2
3916,1
3917,2
3918,2
3919,2
3920,2
3921,1
3922,2
3923,2
3924,2
3925,2
3926,2
3927,1
3928,1
3929,2
3930,1
3931,2
3932,1
3933,2
3934,1
3935,1
3936,1
3937,1
3938,2
3939,2
3940,1
3941,1
3942,1
3943,1
3944,1
3945,2
3946,1
3947,1
3948,1
3949,2
3950,2
3951,2
3952,1
3953,2
3954,1
3955,1
3956,2
3957,2
3958,1
3959,2
3960,1
3961,1
3962,1
3963,1
3964,2
3965,2
3966,2
3967,1
3968,2
3969,1
3970,2
3971,2
3972,2
3973,2
3974,2
3975,1
3976,1
3977,1
3978,1
3979,1
3980,1
3981,2
3982,1
3983,2
3984,1
3985,2
3986,1
3987,2
3988,2
3989,1
3990,2
3991,2
3992,1
3993,2
3994,1
3995,2
3996,1
3997,2
3998,2
3999,2
4000,2
4001,2
4002,2
4003,2
4004,2
4005,2
4006,2
4007,2
4008,1
4009,2
4010,1
4011,1
4012,1
4013,1
4014,2
4015,1
4016,2
4017,2
4018,2
4019,1
4020,2
4021,2
4022,1
4023,2
4024,1
4025,2
4026,1
4027,1
4028,1
4029,2
4030,2
4031,2
4032,1
4033,1
4034,1
4035,1
4036,2
4037,1
4038,1
4039,1
4040,2
4041,1
4042,2
4043,2
4044,2
4045,2
4046,2
4047,1
4048,1
4049,1
4050,1
4051,2
4052,2
4053,1
4054,2
4055,1
4056,1
4057,1
4058,2
4059,2
4060,2
4061,1
4062,2
4063,2
4064,2
4065,2
4066,2
4067,1
4068,2
4069,1
4070,2
4071,2
4072,2
4073,2
4074,1
4075,1
4076,1
4077,1
4078,1
4079,1
4080,2
4081,2
4082,1
4083,2
4084,1
4085,1
4086,2
4087,2
4088,2
4089,2
4090,2
4091,1
4092,2
4093,2
4094,2
4095,2
4096,2
4097,1
4098,1
4099,1
4100,1
4101,1
4102,1
4103,2
4104,1
4105,2
4106,1
4107,1
4108,1
4109,2
4110,1
4111,1
4112,2
4113,1
4114,2
4115,2
4116,1
4117,1
4118,1
4119,2
4120,1
4121,1
4122,2
4123,2
4124,1
4125,1
4126,2
4127,2
4128,2
4129,2
4130,1
4131,1
4132,2
4133,1
4134,2
4135,2
4136,1
4137,1
4138,1
4139,1
4140,2
4141,2
4142,1
4143,1
4144,1
4145,2
4146,1
4147,1
4148,1
4149,2
4150,2
4151,1
4152,2
4153,1
4154,1
4155,2
4156,2
4157,1
4158,2
4159,2
4160,2
4161,2
4162,1
4163,2
4164,1
4165,1
4166,1
4167,2
4168,1
4169,2
4170,1
4171,1
4172,2
4173,2
4174,1
4175,2
4176,1
4177,2
4178,1
4179,2
4180,2
4181,1
4182,1
4183,2
4184,2
4185,2
4186,2
4187,1
4188,1
4189,2
4190,1
4191,1
4192,2
4193,2
4194,1
4195,2
4196,1
4197,2
4198,1
4199,1
4200,2
4201,1
4202,2
4203,2
4204,1
4205,1
4206,1
4207,1
4208,2
4209,1
4210,1
4211,1
4212,2
4213,2
4214,2
4215,1
4216,1
4217,1
4218,2
4219,2
4220,2
4221,2
4222,2
4223,1
4224,1
4225,1
4226,2
4227,1
4228,1
4229,1
4230,2
4231,2
4232,1
4233,1
4234,1
4235,1
4236,1
4237,2
4238,2
4239,2
4240,1
4241,2
4242,1
4243,1
4244,2
4245,1
4246,1
4247,1
4248,2
4249,2
4250,1
4251,2
4252,1
4253,1
4254,2
4255,2
4256,1
4257,2
4258,1
4259,1
4260,1
4261,1
4262,2
4263,2
4264,2
4265,1
4266,1
4267,2
4268,2
4269,1
4270,1
4271,1
4272,1
4273,2
4274,1
4275,1
4276,1
4277,2
4278,2
4279,1
4280,1
4281,2
4282,2
4283,2
4284,1
4285,1
4286,1
4287,2
4288,1
4289,2
4290,2
4291,1
4292,2
4293,2
4294,2
4295,2
4296,1
4297,1
4298,1
4299,1
4300,1
4301,1
4302,2
4303,2
4304,1
4305,2
4306,1
4307,2
4308,1
4309,1
4310,1
4311,2
4312,2
4313,2
4314,2
4315,2
4316,2
4317,2
4318,2
4319,2
4320,2
4321,1
4322,1
4323,2
4324,1
4325,1
4326,2
4327,1
4328,2
4329,2
4330,2
4331,1
4332,2
4333,1
4334,2
4335,2
4336,1
4337,2
4338,2
4339,2
4340,2
4341,1
4342,1
4343,1
4344,2
4345,2
4346,2
4347,2
4348,2
4349,2
4350,2
4351,2
4352,2
4353,1
4354,2
4355,2
4356,2
4357,2
4358,1
4359,2
4360,1
4361,2
4362,2
4363,2
4364,1
4365,1
4366,2
4367,2
4368,2
4369,1
4370,2
4371,1
4372,1
4373,2
4374,1
4375,1
4376,2
4377,2
4378,2
4379,1
4380,2
4381,1
4382,2
4383,2
4384,2
4385,2
4386,1
4387,2
4388,2
4389,2
4390,2
4391,1
4392,2
4393,1
4394,2
4395,1
4396,1
4397,2
4398,1
4399,1
4400,2
4401,1
4402,2
4403,1
4404,1
4405,1
4406,2
4407,2
4408,2
4409,2
4410,2
4411,1
4412,1
4413,2
4414,2
4415,2
4416,2
4417,2
4418,2
4419,1
4420,2
4421,1
4422,2
4423,1
4424,1
4425,2
4426,2
4427,1
4428,1
4429,1
4430,2
4431,2
4432,2
4433,2
4434,1
4435,1
4436,1
4437,2
4438,2
4439,1
4440,2
4441,1
4442,1
4443,2
4444,2
4445,2
4446,2
4447,1
4448,1
4449,2
4450,1
4451,2
4452,2
4453,2
4454,2
4455,1
4456,1
4457,2
4458,1
4459,2
4460,2
4461,1
4462,1
4463,2
4464,2
4465,2
4466,2
4467,2
4468,2
4469,2
4470,1
4471,2
4472,1
4473,2
4474,2
4475,2
4476,2
4477,2
4478,2
4479,2
4480,2
4481,1
4482,1
4483,1
4484,2
4485,1
4486,1
4487,1
4488,2
4489,1
4490,2
4491,1
4492,1
4493,2
4494,1
4495,2
4496,2
4497,1
4498,1
4499,2
4500,2
4501,2
4502,2
4503,1
4504,2
4505,1
4506,2
4507,1
4508,1
4509,1
4510,2
4511,2
4512,2
4513,1
4514,1
4515,2
4516,1
4517,1
4518,2
4519,2
4520,2
4521,1
4522,1
4523,1
4524,1
4525,2
4526,1
4527,2
4528,1
4529,1
4530,2
4531,1
4532,2
4533,2
4534,2
4535,2
4536,2
4537,1
4538,1
4539,2
4540,2
4541,1
4542,1
4543,2
4544,1
4545,2
4546,1
4547,2
4548,2
4549,2
4550,1
4551,1
4552,1
4553,1
4554,2
4555,2
4556,1
4557,1
4558,1
4559,2
4560,2
4561,2
4562,2
4563,1
4564,2
4565,2
4566,2
4567,2
4568,1
4569,2
4570,2
4571,1
4572,1
4573,2
4574,2
4575,2
4576,2
4577,1
4578,2
4579,2
4580,2
4581,1
4582,2
4583,2
4584,2
4585,1
4586,1
4587,2
4588,1
4589,2
4590,1
4591,1
4592,2
4593,2
4594,1
4595,1
4596,2
4597,1
4598,2
4599,1
4600,1
4601,1
4602,2
4603,1
4604,1
4605,2
4606,2
4607,1
4608,1
4609,2
4610,2
4611,2
4612,2
4613,1
4614,1
4615,1
4616,2
4617,2
4618,1
4619,1
4620,2
4621,2
4622,1
4623,1
4624,2
4625,1
4626,1
4627,1
4628,2
4629,2
4630,2
4631,1
4632,1
4633,1
4634,2
4635,2
4636,2
4637,2
4638,2
4639,2
4640,1
4641,1
4642,2
4643,1
4644,1
4645,2
4646,1
4647,2
4648,1
4649,2
4650,2
4651,2
4652,1
4653,2
4654,1
4655,2
4656,2
4657,2
4658,2
4659,2
4660,2
4661,1
4662,2
4663,1
4664,2
4665,2
4666,1
4667,1
4668,1
4669,2
4670,1
4671,2
4672,2
4673,2
4674,1
4675,1
4676,2
4677,2
4678,2
4679,1
4680,2
4681,2
4682,2
4683,2
4684,1
4685,1
4686,1
4687,2
4688,1
4689,2
4690,2
4691,2
4692,2
4693,2
4694,2
4695,1
4696,2
4697,1
4698,2
4699,2
4700,2
4701,1
4702,1
4703,2
4704,1
4705,2
4706,2
4707,2
4708,2
4709,1
4710,2
4711,1
4712,2
4713,2
4714,2
4715,1
4716,2
4717,1
4718,2
4719,2
4720,1
4721,2
4722,1
4723,2
4724,2
4725,2
4726,2
4727,1
4728,1
4729,1
4730,2
4731,2
4732,2
4733,2
4734,2
4735,1
4736,1
4737,1
4738,1
4739,1
4740,1
4741,2
4742,2
4743,1
4744,2
4745,1
4746,2
4747,2
4748,1
4749,2
4750,2
4751,2
4752,1
4753,1
4754,2
4755,2
4756,2
4757,1
4758,1
4759,2
4760,1
4761,2
4762,1
4763,1
4764,2
4765,2
4766,2
4767,1
4768,1
4769,2
4770,2
4771,1
4772,2
4773,2
4774,2
4775,1
4776,1
4777,1
4778,1
4779,2
4780,1
4781,1
4782,2
4783,1
4784,2
4785,2
4786,2
4787,2
4788,1
4789,1
4790,2
4791,1
4792,1
4793,2
4794,2
4795,2
4796,1
4797,2
4798,2
4799,2
4800,2
4801,2
4802,1
4803,2
4804,2
4805,1
4806,2
4807,2
4808,1
4809,1
4810,2
4811,2
4812,2
4813,2
4814,1
4815,1
4816,2
4817,2
4818,2
4819,1
4820,2
4821,1
4822,1
4823,1
4824,1
4825,2
4826,1
4827,2
4828,2
4829,1
4830,1
4831,1
4832,2
4833,2
4834,1
4835,2
4836,1
4837,2
4838,1
4839,1
4840,2
4841,1
4842,1
4843,1
4844,2
4845,2
4846,1
4847,2
4848,1
4849,2
4850,1
4851,1
4852,1
4853,1
4854,2
4855,1
4856,2
4857,2
4858,2
4859,2
4860,2
4861,2
4862,2
4863,2
4864,1
4865,2
4866,2
4867,2
4868,2
4869,1
4870,1
4871,1
4872,1
4873,1
4874,1
4875,2
4876,1
4877,2
4878,1
4879,1
4880,1
4881,1
4882,1
4883,2
4884,2
4885,1
4886,2
4887,2
4888,2
4889,1
4890,1
4891,2
4892,2
4893,2
4894,1
4895,2
4896,2
4897,1
4898,1
4899,2
4900,1
4901,1
4902,2
4903,1
4904,1
4905,1
4906,1
4907,2
4908,2
4909,2
4910,2
4911,1
4912,2
4913,2
4914,2
4915,1
4916,2
4917,1
4918,2
4919,2
4920,2
4921,1
4922,2
4923,2
4924,2
4925,2
4926,2
4927,2
4928,1
4929,2
4930,2
4931,1
4932,1
4933,1
4934,1
4935,1
4936,1
4937,1
4938,2
4939,2
4940,1
4941,2
4942,2
4943,1
4944,2
4945,2
4946,1
4947,2
4948,1
4949,1
4950,2
4951,1
4952,2
4953,2
4954,1
4955,2
4956,2
4957,2
4958,2
4959,2
4960,1
4961,1
4962,1
4963,2
4964,2
4965,2
4966,2
4967,2
4968,2
4969,1
4970,1
4971,2
4972,2
4973,1
4974,2
4975,2
4976,2
4977,2
4978,1
4979,1
4980,1
4981,2
4982,1
4983,2
4984,1
4985,2
4986,2
4987,1
4988,1
4989,1
4990,1
4991,1
4992,1
4993,1
4994,2
4995,2
4996,2
4997,1
4998,1
4999,1
5000,1
5001,2
5002,1
5003,1
5004,1
5005,1
5006,1
5007,2
5008,2
5009,1
5010,2
5011,2
5012,1
5013,2
5014,2
5015,2
5016,2
5017,1
5018,2
5019,2
5020,2
5021,1
5022,1
5023,2
5024,1
5025,2
5026,1
5027,2
5028,2
5029,1
5030,1
5031,1
5032,2
5033,2
5034,2
5035,2
5036,2
5037,1
5038,1
5039,1
5040,2
5041,2
5042,1
5043,1
5044,2
5045,1
5046,1
5047,2
5048,1
5049,2
5050,2
5051,2
5052,1
5053,2
5054,2
5055,2
5056,2
5057,2
5058,2
5059,2
5060,1
5061,2
5062,2
5063,2
5064,2
5065,2
5066,2
5067,1
5068,1
5069,2
5070,1
5071,1
5072,2
5073,1
5074,1
5075,1
5076,1
5077,1
5078,2
5079,2
5080,1
5081,2
5082,2
5083,2
5084,1
5085,1
5086,1
5087,2
5088,1
5089,2
5090,1
5091,2
5092,2
5093,2
5094,1
5095,2
5096,2
5097,1
5098,2
5099,1
5100,2
5101,2
5102,2
5103,2
5104,1
5105,2
5106,1
5107,2
5108,2
5109,1
5110,2
5111,2
5112,2
5113,2
5114,2
5115,1
5116,2
5117,1
5118,2
5119,1
5120,2
5121,1
5122,1
5123,2
5124,2
5125,1
5126,1
5127,1
5128,1
5129,1
5130,2
5131,1
5132,2
5133,2
5134,2
5135,2
5136,1
5137,2
5138,1
5139,2
5140,1
5141,1
5142,1
5143,2
5144,2
5145,2
5146,2
5147,2
5148,1
5149,2
5150,2
5151,2
5152,2
5153,2
5154,1
5155,1
5156,1
5157,2
5158,1
5159,1
5160,1
5161,1
5162,1
5163,2
5164,1
5165,2
5166,1
5167,2
5168,1
5169,1
5170,1
5171,2
5172,2
5173,2
5174,1
5175,1
5176,1
5177,2
5178,2
5179,1
5180,1
5181,2
5182,1
5183,2
5184,2
5185,2
5186,1
5187,2
5188,1
5189,1
5190,1
5191,2
5192,1
5193,1
5194,2
5195,1
5196,1
5197,2
5198,2
5199,1
5200,1
5201,1
5202,2
5203,1
5204,1
5205,1
5206,1
5207,1
5208,2
5209,2
5210,2
5211,2
5212,1
5213,2
5214,1
5215,2
5216,2
5217,2
5218,2
5219,1
5220,1
5221,2
5222,2
5223,1
5224,1
5225,2
5226,2
5227,1
5228,1
5229,2
5230,2
5231,1
5232,2
5233,1
5234,1
5235,1
5236,1
5237,2
5238,1
5239,1
5240,2
5241,1
5242,2
5243,2
5244,2
5245,2
5246,1
5247,2
5248,2
5249,2
5250,2
5251,1
5252,1
5253,2
5254,2
5255,1
5256,2
5257,1
5258,1
5259,1
5260,2
5261,2
5262,1
5263,1
5264,2
5265,1
5266,2
5267,1
5268,1
5269,2
5270,2
5271,2
5272,2
5273,1
5274,2
5275,1
5276,1
5277,2
5278,2
5279,2
5280,1
5281,1
5282,1
5283,2
5284,1
5285,2
5286,2
5287,2
5288,2
5289,2
5290,2
5291,2
5292,1
5293,2
5294,1
5295,1
5296,1
5297,2
5298,1
5299,1
5300,1
5301,1
5302,1
5303,1
5304,2
5305,2
5306,1
5307,1
5308,2
5309,2
5310,2
5311,2
5312,1
5313,2
5314,2
5315,1
5316,1
5317,1
5318,2
5319,2
5320,1
5321,2
5322,2
5323,2
5324,2
5325,2
5326,2
5327,2
5328,1
5329,2
5330,1
5331,2
5332,1
5333,2
5334,2
5335,2
5336,1
5337,2
5338,2
5339,2
5340,2
5341,2
5342,1
5343,1
5344,1
5345,1
5346,1
5347,2
5348,2
5349,1
5350,2
5351,2
5352,2
5353,1
5354,2
5355,2
5356,2
5357,2
5358,2
5359,2
5360,1
5361,1
5362,1
5363,1
5364,2
5365,2
5366,1
5367,1
5368,2
5369,2
5370,1
5371,2
5372,2
5373,2
5374,2
5375,1
5376,2
5377,2
5378,2
5379,1
5380,2
5381,2
5382,1
5383,2
5384,2
5385,1
5386,1
5387,2
5388,1
5389,2
5390,2
5391,2
5392,1
5393,2
5394,2
5395,2
5396,1
5397,2
5398,1
5399,1
5400,2
5401,1
5402,2
5403,2
5404,1
5405,2
5406,2
5407,1
5408,1
5409,1
5410,1
5411,2
5412,1
5413,2
5414,1
5415,1
5416,2
5417,2
5418,2
5419,1
5420,2
5421,1
5422,2
5423,2
5424,1
5425,2
5426,2
5427,2
5428,2
5429,2
5430,2
5431,2
5432,2
5433,2
5434,2
5435,1
5436,2
5437,1
5438,2
5439,2
5440,2
5441,2
5442,2
5443,2
5444,2
5445,1
5446,2
5447,1
5448,2
5449,1
5450,1
5451,1
5452,2
5453,2
5454,2
5455,2
5456,2
5457,1
5458,2
5459,1
5460,2
5461,2
5462,1
5463,2
5464,2
5465,1
5466,2
5467,1
5468,2
5469,1
5470,2
5471,1
5472,1
5473,1
5474,1
5475,1
5476,1
5477,2
5478,2
5479,1
5480,1
5481,2
5482,1
5483,2
5484,1
5485,2
5486,1
5487,1
5488,1
5489,1
5490,2
5491,2
5492,2
5493,2
5494,2
5495,2
5496,1
5497,1
5498,2
5499,2
5500,2
5501,1
5502,1
5503,2
5504,1
5505,2
5506,2
5507,1
5508,2
5509,1
5510,1
5511,1
5512,1
5513,1
5514,2
5515,2
5516,2
5517,2
5518,1
5519,2
5520,2
5521,2
5522,1
5523,1
5524,1
5525,2
5526,2
5527,2
5528,2
5529,2
5530,2
5531,2
5532,2
5533,1
5534,1
5535,1
5536,1
5537,1
5538,2
5539,2
5540,1
5541,2
5542,2
5543,2
5544,2
5545,2
5546,1
5547,2
5548,2
5549,1
5550,2
5551,2
5552,2
5553,1
5554,1
5555,2
5556,1
5557,1
5558,2
5559,2
5560,2
5561,1
5562,2
5563,2
5564,2
5565,2
5566,2
5567,2
5568,1
5569,2
5570,2
5571,2
5572,1
5573,1
5574,1
5575,1
5576,2
5577,1
5578,2
5579,2
5580,2
5581,1
5582,1
5583,1
5584,1
5585,1
5586,2
5587,2
5588,1
5589,2
5590,1
5591,2
5592,1
5593,2
5594,2
5595,2
5596,2
5597,2
5598,2
5599,2
5600,2
5601,2
5602,2
5603,1
5604,1
5605,1
5606,1
5607,2
5608,1
5609,1
5610,2
5611,1
5612,1
5613,1
5614,2
5615,1
5616,2
5617,1
5618,2
5619,1
5620,2
5621,1
5622,2
5623,1
5624,2
5625,2
5626,1
5627,2
5628,1
5629,1
5630,2
5631,2
5632,1
5633,2
5634,2
5635,2
5636,1
5637,2
5638,2
5639,2
5640,2
5641,1
5642,1
5643,1
5644,2
5645,2
5646,2
5647,1
5648,1
5649,2
5650,1
5651,1
5652,1
5653,2
5654,1
5655,2
5656,2
5657,1
5658,1
5659,1
5660,2
5661,2
5662,2
5663,1
5664,2
5665,1
5666,2
5667,1
5668,2
5669,2
5670,1
5671,2
5672,2
5673,1
5674,2
5675,2
5676,2
5677,2
5678,1
5679,2
5680,2
5681,2
5682,1
5683,1
5684,2
5685,2
5686,1
5687,1
5688,1
5689,2
5690,2
5691,2
5692,2
5693,1
5694,2
5695,2
5696,1
5697,2
5698,2
5699,2
5700,1
5701,2
5702,2
5703,1
5704,2
5705,1
5706,2
5707,1
5708,2
5709,1
5710,2
5711,2
5712,2
5713,2
5714,1
5715,2
5716,2
5717,2
5718,1
5719,1
5720,1
5721,2
5722,1
5723,2
5724,2
5725,1
5726,1
5727,2
5728,2
5729,1
5730,2
5731,2
5732,1
5733,2
5734,1
5735,2
5736,2
5737,1
5738,2
5739,2
5740,1
5741,1
5742,2
5743,1
5744,1
5745,2
5746,1
5747,1
5748,2
5749,1
5750,1
5751,1
5752,2
5753,1
5754,1
5755,2
5756,2
5757,1
5758,1
5759,2
5760,1
5761,1
5762,2
5763,2
5764,1
5765,2
5766,2
5767,1
5768,1
5769,1
5770,2
5771,1
5772,1
5773,2
5774,2
5775,1
5776,1
5777,1
5778,2
5779,1
5780,1
5781,1
5782,2
5783,2
5784,1
5785,1
5786,1
5787,2
5788,2
5789,2
5790,1
5791,2
5792,2
5793,1
5794,1
5795,2
5796,2
5797,1
5798,2
5799,2
5800,1
5801,2
5802,2
5803,2
5804,2
5805,2
5806,2
5807,1
5808,2
5809,1
5810,1
5811,2
5812,2
5813,2
5814,2
5815,2
5816,1
5817,1
5818,2
5819,1
5820,2
5821,1
5822,2
5823,1
5824,2
5825,1
5826,2
5827,1
5828,2
5829,2
5830,1
5831,1
5832,1
5833,2
5834,2
5835,2
5836,2
5837,2
5838,2
5839,1
5840,1
5841,2
5842,1
5843,1
5844,2
5845,2
5846,1
5847,2
5848,2
5849,1
5850,1
5851,2
5852,1
5853,2
5854,1
5855,1
5856,1
5857,1
5858,2
5859,1
5860,1
5861,2
5862,2
5863,2
5864,1
5865,2
5866,1
5867,2
5868,2
5869,1
5870,2
5871,2
5872,1
5873,1
5874,2
5875,2
5876,2
5877,2
5878,1
5879,2
5880,1
5881,2
5882,2
5883,2
5884,2
5885,2
5886,1
5887,1
5888,2
5889,2
5890,2
5891,2
5892,1
5893,1
5894,2
5895,2
5896,2
5897,1
5898,1
5899,1
5900,1
5901,1
5902,2
5903,1
5904,1
5905,2
5906,1
5907,2
5908,1
5909,1
5910,2
5911,1
5912,2
5913,2
5914,2
5915,1
5916,2
5917,2
5918,1
5919,1
5920,2
5921,2
5922,2
5923,2
5924,2
5925,2
5926,1
5927,2
5928,1
5929,2
5930,2
5931,1
5932,2
5933,2
5934,1
5935,2
5936,2
5937,2
5938,1
5939,2
5940,1
5941,2
5942,2
5943,1
5944,1
5945,2
5946,2
5947,2
5948,1
5949,2
5950,2
5951,1
5952,2
5953,2
5954,2
5955,2
5956,1
5957,2
5958,2
5959,1
5960,2
5961,2
5962,2
5963,2
5964,1
5965,2
5966,2
5967,2
5968,2
5969,2
5970,2
5971,2
5972,2
5973,2
5974,2
5975,2
5976,1
5977,1
5978,1
5979,2
5980,2
5981,2
5982,2
5983,1
5984,2
5985,1
5986,1
5987,2
5988,2
5989,1
5990,2
5991,1
5992,2
5993,2
5994,1
5995,1
5996,1
5997,1
5998,2
5999,1
6000,2
6001,2
6002,1
6003,1
6004,2
6005,2
6006,2
6007,2
6008,1
6009,1
6010,1
6011,1
6012,2
6013,1
6014,2
6015,2
6016,2
6017,1
6018,2
6019,2
6020,2
6021,1
6022,1
6023,2
6024,2
6025,1
6026,2
6027,1
6028,1
6029,2
6030,2
6031,2
6032,2
6033,2
6034,2
6035,1
6036,2
6037,1
6038,1
6039,1
6040,2
6041,1
6042,2
6043,2
6044,1
6045,2
6046,2
6047,1
6048,2
6049,2
6050,2
6051,1
6052,1
6053,1
6054,1
6055,2
6056,1
6057,1
6058,2
6059,1
6060,1
6061,2
6062,1
6063,2
6064,2
6065,2
6066,2
6067,1
6068,1
6069,2
6070,1
6071,1
6072,2
6073,2
6074,2
6075,1
6076,1
6077,1
6078,2
6079,1
6080,2
6081,1
6082,2
6083,2
6084,2
6085,1
6086,2
6087,2
6088,2
6089,1
6090,1
6091,1
6092,2
6093,2
6094,2
6095,2
6096,2
6097,2
6098,1
6099,2
6100,1
6101,2
6102,2
6103,1
6104,2
6105,1
6106,1
6107,1
6108,1
6109,1
6110,2
6111,2
6112,1
6113,1
6114,2
6115,2
6116,2
6117,1
6118,2
6119,1
6120,2
6121,1
6122,2
6123,2
6124,1
6125,2
6126,2
6127,2
6128,2
6129,1
6130,2
6131,1
6132,2
6133,2
6134,1
6135,1
6136,2
6137,2
6138,2
6139,2
6140,1
6141,1
6142,1
6143,2
6144,1
6145,1
6146,2
6147,1
6148,2
6149,1
6150,2
6151,2
6152,1
6153,2
6154,1
6155,2
6156,1
6157,2
6158,1
6159,1
6160,1
6161,1
6162,2
6163,2
6164,2
6165,2
6166,1
6167,2
6168,1
6169,1
6170,1
6171,2
6172,2
6173,1
6174,2
6175,1
6176,2
6177,1
6178,2
6179,1
6180,1
6181,2
6182,1
6183,2
6184,2
6185,2
6186,1
6187,1
6188,1
6189,2
6190,2
6191,1
6192,2
6193,1
6194,2
6195,1
6196,1
6197,2
6198,1
6199,1
6200,1
6201,1
6202,1
6203,2
6204,1
6205,1
6206,1
6207,2
6208,1
6209,1
6210,1
6211,2
6212,2
6213,2
6214,2
6215,2
6216,2
6217,2
6218,1
6219,1
6220,2
6221,2
6222,2
6223,2
6224,2
6225,2
6226,1
6227,2
6228,2
6229,1
6230,2
6231,2
6232,2
6233,1
6234,2
6235,2
6236,1
6237,1
6238,1
6239,1
6240,2
6241,1
6242,2
6243,2
6244,1
6245,1
6246,2
6247,1
6248,1
6249,1
6250,1
6251,1
6252,1
6253,1
6254,1
6255,2
6256,2
6257,2
6258,2
6259,2
6260,2
6261,1
6262,1
6263,2
6264,1
6265,1
6266,2
6267,1
6268,2
6269,2
6270,1
6271,1
6272,2
6273,2
6274,1
6275,2
6276,1
6277,1
6278,2
6279,1
6280,1
6281,2
6282,2
6283,1
6284,2
6285,2
6286,1
6287,1
6288,1
6289,1
6290,1
6291,2
6292,2
6293,2
6294,1
6295,1
6296,2
6297,2
6298,2
6299,1
6300,2
6301,1
6302,2
6303,2
6304,2
6305,1
6306,2
6307,2
6308,1
6309,1
6310,2
6311,2
6312,1
6313,2
6314,1
6315,1
6316,2
6317,1
6318,2
6319,2
6320,2
6321,2
6322,2
6323,2
6324,2
6325,2
6326,1
6327,2
6328,1
6329,2
6330,2
6331,2
6332,2
6333,1
6334,1
6335,2
6336,1
6337,1
6338,1
6339,2
6340,2
6341,1
6342,1
6343,2
6344,2
6345,2
6346,1
6347,2
6348,1
6349,1
6350,2
6351,1
6352,2
6353,2
6354,1
6355,2
6356,2
6357,1
6358,1
6359,2
6360,1
6361,1
6362,1
6363,1
6364,1
6365,2
6366,2
6367,1
6368,2
6369,2
6370,1
6371,2
6372,2
6373,2
6374,2
6375,1
6376,2
6377,2
6378,2
6379,1
6380,1
6381,2
6382,2
6383,2
6384,1
6385,1
6386,1
6387,2
6388,2
6389,1
6390,2
6391,1
6392,2
6393,1
6394,2
6395,2
6396,2
6397,1
6398,2
6399,1
6400,2
6401,2
6402,2
6403,2
6404,2
6405,2
6406,1
6407,2
6408,1
6409,1
6410,2
6411,1
6412,2
6413,2
6414,1
6415,2
6416,1
6417,1
6418,2
6419,2
6420,2
6421,2
6422,2
6423,2
6424,1
6425,1
6426,1
6427,1
6428,2
6429,1
6430,1
6431,1
6432,1
6433,1
6434,2
6435,2
6436,1
6437,1
6438,2
6439,2
6440,2
6441,1
6442,1
6443,1
6444,2
6445,2
6446,2
6447,1
6448,2
6449,1
6450,2
6451,2
6452,1
6453,2
6454,2
6455,2
6456,2
6457,2
6458,2
6459,2
6460,1
6461,2
6462,1
6463,2
6464,1
6465,1
6466,2
6467,2
6468,2
6469,1
6470,2
6471,2
6472,2
6473,2
6474,1
6475,1
6476,2
6477,1
6478,1
6479,1
6480,2
6481,2
6482,2
6483,2
6484,2
6485,2
6486,2
6487,2
6488,1
6489,2
6490,2
6491,2
6492,2
6493,1
6494,2
6495,2
6496,1
6497,1
6498,1
6499,1
6500,1
6501,1
6502,1
6503,2
6504,1
6505,2
6506,2
6507,2
6508,1
6509,1
6510,1
6511,2
6512,2
6513,1
6514,2
6515,1
6516,1
6517,2
6518,1
6519,2
6520,2
6521,1
6522,2
6523,2
6524,2
6525,1
6526,2
6527,2
6528,1
6529,1
6530,1
6531,1
6532,2
6533,2
6534,2
6535,2
6536,1
6537,1
6538,2
6539,1
6540,2
6541,2
6542,1
6543,1
6544,1
6545,2
6546,1
6547,1
6548,2
6549,1
6550,2
6551,2
6552,1
6553,2
6554,2
6555,1
6556,2
6557,1
6558,1
6559,1
6560,2
6561,2
6562,2
6563,1
6564,2
6565,1
6566,2
6567,1
6568,1
6569,2
6570,1
6571,2
6572,2
6573,1
6574,2
6575,2
6576,1
6577,1
6578,2
6579,2
6580,1
6581,2
6582,2
6583,1
6584,1
6585,2
6586,2
6587,1
6588,2
6589,1
6590,2
6591,2
6592,1
6593,2
6594,1
6595,1
6596,2
6597,2
6598,1
6599,2
6600,2
6601,1
6602,2
6603,1
6604,1
6605,1
6606,2
6607,2
6608,2
6609,2
6610,1
6611,1
6612,1
6613,1
6614,2
6615,1
6616,1
6617,1
6618,1
6619,2
6620,1
6621,1
6622,2
6623,1
6624,2
6625,2
6626,2
6627,2
6628,1
6629,1
6630,2
6631,1
6632,2
6633,2
6634,2
6635,2
6636,1
6637,2
6638,2
6639,1
6640,1
6641,1
6642,2
6643,1
6644,1
6645,1
6646,2
6647,1
6648,2
6649,2
6650,2
6651,1
6652,2
6653,2
6654,1
6655,2
6656,2
6657,2
6658,1
6659,2
6660,1
6661,2
6662,1
6663,2
6664,1
6665,1
6666,1
6667,2
6668,1
6669,2
6670,1
6671,2
6672,1
6673,1
6674,2
6675,1
6676,1
6677,2
6678,2
6679,2
6680,1
6681,2
6682,1
6683,2
6684,2
6685,2
6686,2
6687,1
6688,2
6689,1
6690,1
6691,2
6692,2
6693,1
6694,1
6695,2
6696,1
6697,1
6698,1
6699,1
6700,1
6701,2
6702,2
6703,2
6704,2
6705,2
6706,2
6707,1
6708,1
6709,2
6710,2
6711,2
6712,2
6713,2
6714,2
6715,2
6716,1
6717,1
6718,2
6719,2
6720,2
6721,2
6722,2
6723,1
6724,2
6725,2
6726,1
6727,2
6728,2
6729,1
6730,2
6731,1
6732,1
6733,1
6734,1
6735,2
6736,1
6737,2
6738,1
6739,2
6740,1
6741,2
6742,1
6743,1
6744,1
6745,2
6746,1
6747,1
6748,2
6749,2
6750,2
6751,2
6752,1
6753,2
6754,1
6755,2
6756,2
6757,1
6758,2
6759,2
6760,2
6761,2
6762,1
6763,1
6764,2
6765,2
6766,2
6767,1
6768,2
6769,2
6770,2
6771,2
6772,1
6773,1
6774,2
6775,2
6776,2
6777,2
6778,2
6779,2
6780,2
6781,2
6782,2
6783,2
6784,1
6785,1
6786,2
6787,2
6788,2
6789,2
6790,1
6791,2
6792,2
6793,2
6794,2
6795,2
6796,2
6797,2
6798,1
6799,1
6800,1
6801,1
6802,2
6803,2
6804,2
6805,1
6806,2
6807,2
6808,1
6809,1
6810,2
6811,2
6812,2
6813,2
6814,1
6815,1
6816,2
6817,1
6818,1
6819,1
6820,1
6821,1
6822,2
6823,2
6824,1
6825,2
6826,1
6827,1
6828,2
6829,1
6830,1
6831,1
6832,1
6833,1
6834,2
6835,1
6836,1
6837,2
6838,2
6839,2
6840,1
6841,2
6842,1
6843,1
6844,2
6845,1
6846,1
6847,1
6848,2
6849,1
6850,1
6851,1
6852,2
6853,1
6854,2
6855,2
6856,2
6857,1
6858,2
6859,2
6860,2
6861,1
6862,2
6863,1
6864,1
6865,2
6866,1
6867,2
6868,2
6869,2
6870,2
6871,2
6872,1
6873,2
6874,1
6875,2
6876,1
6877,2
6878,2
6879,2
6880,1
6881,1
6882,1
6883,2
6884,2
6885,2
6886,2
6887,1
6888,2
6889,1
6890,1
6891,1
6892,2
6893,1
6894,2
6895,2
6896,2
6897,1
6898,1
6899,2
6900,1
6901,2
6902,2
6903,2
6904,2
6905,2
6906,2
6907,1
6908,2
6909,1
6910,2
6911,2
6912,2
6913,1
6914,2
6915,2
6916,1
6917,2
6918,1
6919,1
6920,1
6921,2
6922,2
6923,2
6924,2
6925,1
6926,1
6927,1
6928,1
6929,2
6930,1
6931,2
6932,2
6933,2
6934,1
6935,2
6936,2
6937,1
6938,2
6939,2
6940,2
6941,1
6942,2
6943,2
6944,2
6945,2
6946,2
6947,2
6948,1
6949,2
6950,2
6951,2
6952,1
6953,2
6954,1
6955,1
6956,2
6957,2
6958,1
6959,1
6960,2
6961,2
6962,2
6963,2
6964,1
6965,1
6966,2
6967,1
6968,1
6969,2
6970,1
6971,2
6972,1
6973,1
6974,1
6975,1
6976,2
6977,1
6978,2
6979,2
6980,2
6981,2
6982,1
6983,1
6984,1
6985,1
6986,2
6987,1
6988,1
6989,2
6990,2
6991,1
6992,1
6993,2
6994,2
6995,2
6996,2
6997,1
6998,1
6999,1
7000,1
7001,1
7002,2
7003,2
7004,1
7005,1
7006,2
7007,1
7008,2
7009,2
7010,2
7011,2
7012,1
7013,2
7014,2
7015,2
7016,2
7017,2
7018,2
7019,2
7020,2
7021,2
7022,2
7023,2
7024,1
7025,2
7026,2
7027,1
7028,2
7029,2
7030,2
7031,2
7032,2
7033,1
7034,2
7035,2
7036,2
7037,1
7038,2
7039,2
7040,1
7041,1
7042,1
7043,2
7044,2
7045,2
7046,1
7047,2
7048,2
7049,1
7050,1
7051,2
7052,2
7053,2
7054,2
7055,1
7056,2
7057,1
7058,2
7059,2
7060,2
7061,2
7062,2
7063,1
7064,2
7065,2
7066,2
7067,2
7068,1
7069,2
7070,2
7071,2
7072,1
7073,2
7074,2
7075,1
7076,1
7077,1
7078,2
7079,1
7080,2
7081,2
7082,1
7083,1
7084,2
7085,2
7086,1
7087,1
7088,1
7089,2
7090,2
7091,2
7092,1
7093,2
7094,1
7095,2
7096,1
7097,1
7098,2
7099,2
7100,2
7101,1
7102,1
7103,2
7104,1
7105,1
7106,2
7107,1
7108,2
7109,2
7110,1
7111,1
7112,1
7113,1
7114,1
7115,2
7116,2
7117,2
7118,1
7119,1
7120,2
7121,1
7122,1
7123,2
7124,1
7125,1
7126,1
7127,2
7128,1
7129,2
7130,1
7131,1
7132,1
7133,2
7134,1
7135,2
7136,1
7137,1
7138,2
7139,1
7140,1
7141,1
7142,2
7143,2
7144,1
7145,1
7146,2
7147,1
7148,1
7149,2
7150,2
7151,2
7152,2
7153,2
7154,1
7155,1
7156,1
7157,1
7158,2
7159,1
7160,2
7161,1
7162,2
7163,1
7164,2
7165,2
7166,1
7167,1
7168,2
7169,2
7170,2
7171,2
7172,1
7173,1
7174,2
7175,2
7176,2
7177,2
7178,1
7179,1
7180,1
7181,1
7182,2
7183,2
7184,1
7185,1
7186,1
7187,2
7188,2
7189,1
7190,2
7191,2
7192,1
7193,2
7194,1
7195,1
7196,1
7197,2
7198,1
7199,1
7200,2
7201,2
7202,1
7203,1
7204,2
7205,2
7206,1
7207,1
7208,2
7209,2
7210,1
7211,1
7212,1
7213,2
7214,2
7215,1
7216,1
7217,1
7218,1
7219,2
7220,2
7221,1
7222,2
7223,1
7224,2
7225,1
7226,1
7227,2
7228,1
7229,2
7230,1
7231,2
7232,2
7233,1
7234,1
7235,2
7236,1
7237,2
7238,2
7239,1
7240,2
7241,2
7242,1
7243,1
7244,1
7245,2
7246,2
7247,2
7248,1
7249,2
7250,2
7251,2
7252,2
7253,2
7254,1
7255,2
7256,2
7257,2
7258,2
7259,1
7260,1
7261,2
7262,2
7263,1
7264,2
7265,1
7266,2
7267,2
7268,1
7269,2
7270,1
7271,2
7272,1
7273,2
7274,2
7275,2
7276,1
7277,1
7278,1
7279,2
7280,1
7281,2
7282,2
7283,2
7284,1
7285,2
7286,2
7287,2
7288,1
7289,1
7290,1
7291,2
7292,2
7293,2
7294,1
7295,2
7296,2
7297,1
7298,2
7299,2
7300,1
7301,1
7302,2
7303,2
7304,1
7305,1
7306,2
7307,2
7308,1
7309,2
7310,1
7311,2
7312,1
7313,2
7314,2
7315,2
7316,2
7317,2
7318,1
7319,2
7320,2
7321,1
7322,2
7323,1
7324,2
7325,2
7326,2
7327,2
7328,2
7329,2
7330,1
7331,1
7332,2
7333,2
7334,2
7335,2
7336,1
7337,2
7338,1
7339,2
7340,2
7341,1
7342,1
7343,1
7344,1
7345,1
7346,2
7347,2
7348,1
7349,2
7350,2
7351,2
7352,2
7353,2
7354,1
7355,2
7356,2
7357,1
7358,1
7359,2
7360,2
7361,1
7362,2
7363,1
7364,1
7365,2
7366,1
7367,1
7368,2
7369,2
7370,1
7371,1
7372,2
7373,2
7374,1
7375,1
7376,1
7377,2
7378,2
7379,2
7380,2
7381,1
7382,1
7383,1
7384,2
7385,2
7386,2
7387,1
7388,2
7389,1
7390,2
7391,2
7392,1
7393,1
7394,2
7395,2
7396,2
7397,2
7398,2
7399,2
7400,1
7401,2
7402,2
7403,2
7404,2
7405,2
7406,1
7407,2
7408,1
7409,2
7410,1
7411,2
7412,2
7413,1
7414,2
7415,2
7416,2
7417,1
7418,1
7419,1
7420,2
7421,1
7422,2
7423,2
7424,2
7425,1
7426,1
7427,2
7428,2
7429,2
7430,1
7431,2
7432,1
7433,2
7434,1
7435,2
7436,1
7437,2
7438,1
7439,1
7440,1
7441,2
7442,1
7443,2
7444,1
7445,1
7446,2
7447,2
7448,2
7449,2
7450,1
7451,2
7452,1
7453,1
7454,1
7455,1
7456,1
7457,2
7458,2
7459,1
7460,1
7461,2
7462,1
7463,1
7464,2
7465,1
7466,2
7467,2
7468,2
7469,2
7470,1
7471,2
7472,2
7473,2
7474,2
7475,1
7476,1
7477,2
7478,2
7479,2
7480,2
7481,2
7482,2
7483,2
7484,2
7485,1
7486,2
7487,2
7488,1
7489,2
7490,2
7491,2
7492,2
7493,2
7494,2
7495,2
7496,1
7497,1
7498,2
7499,2
7500,2
7501,2
7502,1
7503,2
7504,1
7505,2
7506,1
7507,1
7508,1
7509,2
7510,2
7511,2
7512,2
7513,1
7514,1
7515,1
7516,1
7517,2
7518,2
7519,2
7520,1
7521,1
7522,2
7523,2
7524,2
7525,2
7526,1
7527,1
7528,1
7529,2
7530,2
7531,2
7532,2
7533,2
7534,1
7535,1
7536,2
7537,2
7538,1
7539,2
7540,1
7541,1
7542,2
7543,1
7544,2
7545,2
7546,2
7547,1
7548,1
7549,1
7550,1
7551,1
7552,2
7553,2
7554,2
7555,1
7556,2
7557,1
7558,2
7559,2
7560,2
7561,1
7562,1
7563,2
7564,2
7565,1
7566,2
7567,1
7568,2
7569,2
7570,2
7571,1
7572,2
7573,2
7574,2
7575,1
7576,1
7577,1
7578,2
7579,1
7580,2
7581,1
7582,2
7583,2
7584,2
7585,1
7586,2
7587,2
7588,2
7589,1
7590,2
7591,1
7592,1
7593,2
7594,2
7595,2
7596,1
7597,1
7598,2
7599,1
7600,2
7601,1
7602,2
7603,2
7604,1
7605,2
7606,2
7607,1
7608,2
7609,1
7610,2
7611,1
7612,1
7613,1
7614,1
7615,1
7616,1
7617,2
7618,1
7619,1
7620,2
7621,2
7622,1
7623,1
7624,2
7625,2
7626,2
7627,1
7628,2
7629,2
7630,1
7631,1
7632,2
7633,1
7634,1
7635,1
7636,2
7637,2
7638,2
7639,2
7640,2
7641,2
7642,1
7643,2
7644,2
7645,1
7646,2
7647,2
7648,1
7649,2
7650,2
7651,1
7652,1
7653,2
7654,2
7655,2
7656,2
7657,1
7658,2
7659,2
7660,1
7661,1
7662,2
7663,1
7664,2
7665,2
7666,2
7667,2
7668,1
7669,1
7670,2
7671,2
7672,1
7673,1
7674,1
7675,1
7676,1
7677,1
7678,2
7679,2
7680,1
7681,1
7682,1
7683,1
7684,2
7685,2
7686,1
7687,1
7688,1
7689,2
7690,1
7691,1
7692,1
7693,2
7694,2
7695,2
7696,2
7697,1
7698,1
7699,1
7700,2
7701,1
7702,1
7703,2
7704,2
7705,1
7706,2
7707,1
7708,2
7709,2
7710,1
7711,2
7712,2
7713,2
7714,2
7715,1
7716,2
7717,2
7718,1
7719,1
7720,2
7721,2
7722,2
7723,1
7724,2
7725,2
7726,1
7727,2
7728,2
7729,1
7730,1
7731,2
7732,2
7733,2
7734,1
7735,2
7736,1
7737,2
7738,2
7739,2
7740,2
7741,2
7742,1
7743,1
7744,2
7745,1
7746,2
7747,2
7748,1
7749,1
7750,1
7751,1
7752,2
7753,2
7754,1
7755,2
7756,2
7757,2
7758,2
7759,1
7760,2
7761,2
7762,2
7763,2
7764,2
7765,2
7766,1
7767,2
7768,1
7769,1
7770,2
7771,1
7772,1
7773,2
7774,2
7775,1
7776,2
7777,1
7778,1
7779,1
7780,2
7781,1
7782,2
7783,2
7784,2
7785,2
7786,2
7787,2
7788,2
7789,2
7790,1
7791,2
7792,1
7793,2
7794,2
7795,2
7796,1
7797,2
7798,1
7799,1
7800,1
7801,2
7802,2
7803,2
7804,2
7805,2
7806,2
7807,2
7808,2
7809,2
7810,1
7811,2
7812,1
7813,2
7814,2
7815,1
7816,2
7817,1
7818,1
7819,2
7820,1
7821,2
7822,2
7823,2
7824,2
7825,1
7826,1
7827,1
7828,2
7829,1
7830,2
7831,2
7832,1
7833,1
7834,1
7835,2
7836,2
7837,1
7838,2
7839,2
7840,1
7841,1
7842,2
7843,2
7844,2
7845,1
7846,1
7847,2
7848,2
7849,2
7850,1
7851,1
7852,2
7853,2
7854,1
7855,1
7856,2
7857,2
7858,2
7859,2
7860,1
7861,2
7862,1
7863,2
7864,1
7865,1
7866,2
7867,2
7868,1
7869,1
7870,1
7871,1
7872,2
7873,2
7874,1
7875,2
7876,2
7877,1
7878,2
7879,1
7880,2
7881,2
7882,2
7883,1
7884,2
7885,2
7886,2
7887,1
7888,1
7889,2
7890,1
7891,2
7892,1
7893,1
7894,2
7895,2
7896,1
7897,1
7898,2
7899,1
7900,1
7901,1
7902,1
7903,2
7904,1
7905,1
7906,2
7907,2
7908,1
7909,1
7910,1
7911,2
7912,1
7913,1
7914,2
7915,2
7916,1
7917,2
7918,2
7919,2
7920,1
7921,2
7922,2
7923,2
7924,2
7925,1
7926,2
7927,1
7928,1
7929,2
7930,1
7931,2
7932,2
7933,1
7934,1
7935,1
7936,1
7937,1
7938,2
7939,1
7940,1
7941,1
7942,1
7943,2
7944,1
7945,2
7946,2
7947,2
7948,1
7949,1
7950,2
7951,1
7952,1
7953,2
7954,1
7955,1
7956,1
7957,1
7958,2
7959,2
7960,2
7961,1
7962,1
7963,2
7964,1
7965,2
7966,1
7967,2
7968,2
7969,2
7970,1
7971,2
7972,2
7973,1
7974,1
7975,2
7976,2
7977,1
7978,2
7979,1
7980,2
7981,1
7982,2
7983,2
7984,2
7985,2
7986,2
7987,1
7988,1
7989,2
7990,2
7991,1
7992,1
7993,1
7994,2
7995,1
7996,2
7997,1
7998,1
7999,2
8000,1
8001,2
8002,2
8003,1
8004,2
8005,2
8006,2
8007,2
8008,2
8009,2
8010,2
8011,1
8012,2
8013,2
8014,2
8015,1
8016,2
8017,1
8018,2
8019,2
8020,1
8021,1
8022,2
8023,1
8024,1
8025,2
8026,2
8027,1
8028,2
8029,1
8030,1
8031,2
8032,1
8033,1
8034,1
8035,1
8036,2
8037,2
8038,1
8039,1
8040,1
8041,2
8042,1
8043,2
8044,2
8045,1
8046,2
8047,1
8048,2
8049,2
8050,2
8051,2
8052,2
8053,1
8054,2
8055,2
8056,2
8057,1
8058,1
8059,1
8060,2
8061,1
8062,2
8063,1
8064,2
8065,1
8066,2
8067,1
8068,1
8069,1
8070,1
8071,1
8072,1
8073,2
8074,2
8075,1
8076,2
8077,2
8078,2
8079,1
8080,2
8081,2
8082,1
8083,2
8084,2
8085,1
8086,1
8087,2
8088,2
8089,1
8090,1
8091,1
8092,1
8093,2
8094,1
8095,2
8096,2
8097,1
8098,1
8099,1
8100,1
8101,1
8102,2
8103,1
8104,2
8105,2
8106,2
8107,2
8108,2
8109,2
8110,1
8111,2
8112,2
8113,1
8114,2
8115,1
8116,2
8117,2
8118,1
8119,2
8120,1
8121,1
8122,2
8123,1
8124,2
8125,2
8126,2
8127,2
8128,2
8129,1
8130,1
8131,1
8132,1
8133,2
8134,2
8135,2
8136,2
8137,2
8138,2
8139,2
8140,2
8141,2
8142,2
8143,2
8144,1
8145,1
8146,1
8147,2
8148,2
8149,1
8150,2
8151,2
8152,1
8153,2
8154,1
8155,2
8156,1
8157,2
8158,1
8159,1
8160,2
8161,2
8162,2
8163,1
8164,2
8165,2
8166,2
8167,1
8168,1
8169,2
8170,1
8171,2
8172,2
8173,2
8174,2
8175,1
8176,1
8177,2
8178,1
8179,2
8180,1
8181,1
8182,2
8183,2
8184,1
8185,1
8186,1
8187,2
8188,2
8189,2
8190,2
8191,2
8192,1
8193,2
8194,2
8195,2
8196,1
8197,2
8198,2
8199,2
8200,2
8201,1
8202,2
8203,1
8204,2
8205,2
8206,2
8207,2
8208,1
8209,2
8210,2
8211,1
8212,2
8213,2
8214,2
8215,1
8216,1
8217,1
8218,2
8219,2
8220,2
8221,1
8222,1
8223,1
8224,1
8225,1
8226,1
8227,2
8228,1
8229,1
8230,2
8231,2
8232,1
8233,1
8234,1
8235,2
8236,1
8237,2
8238,2
8239,2
8240,1
8241,1
8242,1
8243,1
8244,1
8245,2
8246,1
8247,2
8248,1
8249,1
8250,2
8251,2
8252,2
8253,2
8254,1
8255,2
8256,2
8257,1
8258,2
8259,1
8260,2
8261,1
8262,1
8263,1
8264,2
8265,1
8266,2
8267,2
8268,1
8269,2
8270,1
8271,1
8272,1
8273,2
8274,2
8275,2
8276,1
8277,2
8278,2
8279,1
8280,1
8281,1
8282,2
8283,2
8284,2
8285,1
8286,2
8287,1
8288,2
8289,1
8290,2
8291,2
8292,1
8293,2
8294,1
8295,2
8296,1
8297,1
8298,2
8299,1
8300,1
8301,1
8302,2
8303,2
8304,1
8305,2
8306,2
8307,2
8308,1
8309,1
8310,1
8311,1
8312,2
8313,1
8314,1
8315,2
8316,1
8317,1
8318,2
8319,2
8320,2
8321,2
8322,2
8323,2
8324,2
8325,2
8326,1
8327,2
8328,2
8329,1
8330,1
8331,1
8332,1
8333,2
8334,1
8335,2
8336,1
8337,2
8338,1
8339,1
8340,2
8341,1
8342,2
8343,2
8344,1
8345,2
8346,1
8347,1
8348,1
8349,2
8350,2
8351,2
8352,2
8353,2
8354,1
8355,2
8356,2
8357,2
8358,1
8359,2
8360,1
8361,2
8362,1
8363,2
8364,2
8365,2
8366,1
8367,2
8368,1
8369,1
8370,1
8371,2
8372,2
8373,1
8374,2
8375,1
8376,1
8377,2
8378,1
8379,2
8380,2
8381,1
8382,2
8383,2
8384,2
8385,2
8386,1
8387,2
8388,2
8389,2
8390,2
8391,1
8392,1
8393,2
8394,1
8395,1
8396,1
8397,2
8398,1
8399,2
8400,1
8401,1
8402,2
8403,2
8404,2
8405,1
8406,2
8407,1
8408,2
8409,1
8410,1
8411,2
8412,1
8413,1
8414,1
8415,1
8416,2
8417,2
8418,2
8419,2
8420,2
8421,1
8422,1
8423,2
8424,2
8425,2
8426,2
8427,2
8428,1
8429,2
8430,2
8431,2
8432,2
8433,1
8434,1
8435,1
8436,2
8437,1
8438,2
8439,1
8440,2
8441,2
8442,1
8443,1
8444,2
8445,1
8446,2
8447,2
8448,2
8449,1
8450,2
8451,2
8452,2
8453,1
8454,2
8455,2
8456,2
8457,1
8458,2
8459,2
8460,2
8461,1
8462,1
8463,2
8464,1
8465,2
8466,1
8467,1
8468,2
8469,2
8470,1
8471,1
8472,2
8473,2
8474,2
8475,1
8476,1
8477,2
8478,2
8479,1
8480,2
8481,2
8482,2
8483,2
8484,1
8485,2
8486,2
8487,1
8488,2
8489,2
8490,1
8491,2
8492,2
8493,1
8494,1
8495,1
8496,2
8497,1
8498,2
8499,2
8500,1
8501,2
8502,1
8503,2
8504,2
8505,2
8506,2
8507,1
8508,1
8509,1
8510,1
8511,1
8512,2
8513,1
8514,2
8515,2
8516,2
8517,2
8518,2
8519,2
8520,1
8521,2
8522,1
8523,2
8524,2
8525,2
8526,2
8527,1
8528,2
8529,2
8530,1
8531,2
8532,2
8533,1
8534,2
8535,2
8536,2
8537,1
8538,1
8539,2
8540,1
8541,1
8542,1
8543,2
8544,2
8545,1
8546,1
8547,2
8548,1
8549,2
8550,1
8551,1
8552,1
8553,1
8554,2
8555,2
8556,2
8557,1
8558,2
8559,2
8560,2
8561,1
8562,1
8563,2
8564,2
8565,1
8566,1
8567,2
8568,2
8569,1
8570,1
8571,2
8572,2
8573,2
8574,2
8575,1
8576,2
8577,1
8578,2
8579,1
8580,2
8581,1
8582,1
8583,2
8584,1
8585,1
8586,1
8587,2
8588,1
8589,2
8590,2
8591,2
8592,2
8593,2
8594,1
8595,1
8596,1
8597,1
8598,2
8599,2
8600,1
8601,1
8602,1
8603,2
8604,1
8605,2
8606,2
8607,1
8608,2
8609,2
8610,2
8611,2
8612,2
8613,2
8614,2
8615,2
8616,1
8617,1
8618,2
8619,1
8620,1
8621,2
8622,2
8623,1
8624,1
8625,2
8626,2
8627,2
8628,2
8629,2
8630,2
8631,2
8632,1
8633,2
8634,2
8635,1
8636,1
8637,2
8638,2
8639,2
8640,2
8641,1
8642,2
8643,2
8644,2
8645,2
8646,1
8647,1
8648,1
8649,1
8650,1
8651,1
8652,2
8653,2
8654,2
8655,2
8656,1
8657,2
8658,2
8659,2
8660,1
8661,2
8662,1
8663,2
8664,2
8665,2
8666,2
8667,2
8668,1
8669,2
8670,2
8671,2
8672,1
8673,2
8674,2
8675,2
8676,2
8677,2
8678,1
8679,2
8680,2
8681,1
8682,1
8683,1
8684,1
8685,2
8686,2
8687,1
8688,2
8689,2
8690,1
8691,2
8692,2
8693,2
8694,2
8695,2
8696,2
8697,2
8698,2
8699,1
8700,2
8701,2
8702,1
8703,1
8704,2
8705,2
8706,2
8707,1
8708,2
8709,2
8710,1
8711,2
8712,2
8713,1
8714,2
8715,1
8716,1
8717,2
8718,1
8719,2
8720,1
8721,1
8722,2
8723,1
8724,2
8725,2
8726,2
8727,1
8728,1
8729,1
8730,1
8731,2
8732,2
8733,2
8734,2
8735,2
8736,2
8737,2
8738,2
8739,2
8740,1
8741,2
8742,2
8743,1
8744,2
8745,1
8746,2
8747,2
8748,2
8749,2
8750,2
8751,1
8752,1
8753,2
8754,1
8755,2
8756,1
8757,1
8758,2
8759,1
8760,2
8761,2
8762,2
8763,2
8764,1
8765,1
8766,2
8767,2
8768,1
8769,2
8770,2
8771,2
8772,2
8773,2
8774,2
8775,1
8776,2
8777,1
8778,2
8779,2
8780,1
8781,2
8782,2
8783,1
8784,2
8785,1
8786,1
8787,1
8788,1
8789,1
8790,2
8791,1
8792,1
8793,2
8794,1
8795,1
8796,1
8797,1
8798,2
8799,1
8800,1
8801,2
8802,2
8803,2
8804,1
8805,2
8806,1
8807,2
8808,2
8809,2
8810,1
8811,1
8812,2
8813,2
8814,2
8815,1
8816,1
8817,2
8818,2
8819,2
8820,1
8821,1
8822,2
8823,1
8824,2
8825,1
8826,1
8827,2
8828,1
8829,2
8830,1
8831,1
8832,1
8833,1
8834,1
8835,1
8836,2
8837,1
8838,1
8839,1
8840,2
8841,1
8842,2
8843,2
8844,2
8845,2
8846,2
8847,1
8848,1
8849,2
8850,1
8851,2
8852,2
8853,2
8854,2
8855,1
8856,1
8857,2
8858,1
8859,1
8860,2
8861,2
8862,2
8863,2
8864,2
8865,2
8866,2
8867,2
8868,2
8869,2
8870,1
8871,1
8872,2
8873,1
8874,1
8875,1
8876,2
8877,2
8878,2
8879,1
8880,1
8881,1
8882,2
8883,1
8884,2
8885,2
8886,1
8887,2
8888,2
8889,1
8890,1
8891,2
8892,1
8893,1
8894,2
8895,1
8896,1
8897,1
8898,2
8899,1
8900,2
8901,1
8902,2
8903,2
8904,2
8905,1
8906,2
8907,2
8908,1
8909,2
8910,2
8911,2
8912,2
8913,2
8914,1
8915,1
8916,1
8917,1
8918,1
8919,2
8920,1
8921,2
8922,2
8923,2
8924,2
8925,2
8926,1
8927,2
8928,1
8929,2
8930,1
8931,2
8932,1
8933,1
8934,2
8935,1
8936,2
8937,2
8938,2
8939,1
8940,1
8941,1
8942,1
8943,1
8944,1
8945,2
8946,2
8947,1
8948,2
8949,1
8950,2
8951,2
8952,2
8953,2
8954,1
8955,2
8956,1
8957,1
8958,1
8959,2
8960,2
8961,1
8962,1
8963,2
8964,1
8965,2
8966,2
8967,2
8968,2
8969,2
8970,1
8971,2
8972,1
8973,1
8974,2
8975,1
8976,2
8977,1
8978,1
8979,1
8980,2
8981,2
8982,1
8983,1
8984,2
8985,2
8986,2
8987,2
8988,1
8989,2
8990,2
8991,1
8992,2
8993,1
8994,2
8995,1
8996,1
8997,2
8998,2
8999,2
9000,2
9001,1
9002,2
9003,2
9004,2
9005,1
9006,2
9007,1
9008,2
9009,1
9010,2
9011,2
9012,2
9013,1
9014,2
9015,1
9016,1
9017,2
9018,2
9019,2
9020,2
9021,1
9022,2
9023,1
9024,1
9025,1
9026,2
9027,1
9028,2
9029,2
9030,2
9031,2
9032,2
9033,1
9034,2
9035,2
9036,2
9037,1
9038,1
9039,2
9040,2
9041,1
9042,1
9043,1
9044,2
9045,2
9046,2
9047,1
9048,2
9049,1
9050,1
9051,2
9052,2
9053,1
9054,1
9055,2
9056,2
9057,1
9058,2
9059,2
9060,2
9061,1
9062,2
9063,1
9064,2
9065,1
9066,2
9067,1
9068,2
9069,1
9070,2
9071,2
9072,1
9073,1
9074,2
9075,2
9076,2
9077,2
9078,2
9079,1
9080,1
9081,2
9082,1
9083,1
9084,1
9085,2
9086,2
9087,2
9088,2
9089,1
9090,2
9091,1
9092,1
9093,2
9094,1
9095,1
9096,1
9097,2
9098,2
9099,1
9100,1
9101,2
9102,2
9103,2
9104,1
9105,2
9106,2
9107,1
9108,2
9109,1
9110,1
9111,1
9112,1
9113,2
9114,1
9115,2
9116,1
9117,2
9118,2
9119,2
9120,1
9121,2
9122,1
9123,2
9124,2
9125,2
9126,2
9127,2
9128,1
9129,2
9130,2
9131,2
9132,2
9133,1
9134,1
9135,2
9136,1
9137,2
9138,2
9139,2
9140,2
9141,2
9142,1
9143,1
9144,2
9145,2
9146,2
9147,1
9148,2
9149,2
9150,2
9151,1
9152,2
9153,1
9154,2
9155,1
9156,1
9157,2
9158,2
9159,2
9160,1
9161,2
9162,2
9163,1
9164,2
9165,1
9166,1
9167,2
9168,1
9169,2
9170,2
9171,2
9172,2
9173,1
9174,2
9175,2
9176,2
9177,1
9178,1
9179,1
9180,1
9181,1
9182,2
9183,2
9184,2
9185,1
9186,2
9187,2
9188,2
9189,2
9190,1
9191,2
9192,2
9193,2
9194,2
9195,2
9196,2
9197,2
9198,1
9199,2
9200,2
9201,2
9202,2
9203,1
9204,1
9205,2
9206,2
9207,2
9208,1
9209,1
9210,1
9211,2
9212,1
9213,2
9214,2
9215,1
9216,2
9217,1
9218,1
9219,2
9220,1
9221,2
9222,2
9223,2
9224,2
9225,2
9226,2
9227,2
9228,2
9229,1
9230,2
9231,2
9232,1
9233,2
9234,2
9235,1
9236,1
9237,2
9238,1
9239,2
9240,2
9241,2
9242,2
9243,2
9244,1
9245,1
9246,2
9247,1
9248,2
9249,1
9250,1
9251,2
9252,1
9253,2
9254,1
9255,1
9256,2
9257,2
9258,1
9259,1
9260,2
9261,1
9262,2
9263,2
9264,1
9265,1
9266,2
9267,1
9268,1
9269,1
9270,2
9271,1
9272,2
9273,1
9274,1
9275,2
9276,1
9277,2
9278,2
9279,1
9280,1
9281,2
9282,2
9283,1
9284,1
9285,2
9286,1
9287,1
9288,1
9289,2
9290,2
9291,2
9292,2
9293,2
9294,2
9295,2
9296,1
9297,1
9298,2
9299,2
9300,1
9301,2
9302,1
9303,1
9304,2
9305,1
9306,2
9307,2
9308,1
9309,2
9310,1
9311,1
9312,2
9313,2
9314,2
9315,2
9316,2
9317,2
9318,2
9319,1
9320,1
9321,1
9322,1
9323,2
9324,2
9325,1
9326,2
9327,2
9328,1
9329,1
9330,1
9331,1
9332,1
9333,2
9334,2
9335,2
9336,1
9337,2
9338,1
9339,2
9340,2
9341,1
9342,1
9343,1
9344,2
9345,2
9346,1
9347,2
9348,2
9349,2
9350,1
9351,2
9352,1
9353,1
9354,2
9355,2
9356,2
9357,1
9358,2
9359,1
9360,1
9361,1
9362,1
9363,1
9364,2
9365,1
9366,1
9367,2
9368,1
9369,1
9370,2
9371,2
9372,1
9373,1
9374,1
9375,2
9376,1
9377,1
9378,2
9379,2
9380,2
9381,2
9382,2
9383,2
9384,2
9385,2
9386,2
9387,1
9388,2
9389,2
9390,2
9391,2
9392,2
9393,1
9394,1
9395,2
9396,1
9397,1
9398,2
9399,2
9400,2
9401,2
9402,2
9403,2
9404,1
9405,1
9406,1
9407,1
9408,1
9409,1
9410,2
9411,1
9412,2
9413,2
9414,1
9415,1
9416,1
9417,2
9418,1
9419,1
9420,2
9421,2
9422,1
9423,2
9424,1
9425,2
9426,2
9427,1
9428,1
9429,2
9430,2
9431,2
9432,2
9433,2
9434,2
9435,1
9436,2
9437,2
9438,2
9439,2
9440,2
9441,2
9442,2
9443,2
9444,2
9445,2
9446,2
9447,1
9448,2
9449,1
9450,2
9451,1
9452,1
9453,1
9454,1
9455,2
9456,2
9457,2
9458,1
9459,2
9460,2
9461,2
9462,2
9463,1
9464,1
9465,1
9466,1
9467,1
9468,2
9469,1
9470,1
9471,1
9472,2
9473,2
9474,2
9475,1
9476,2
9477,1
9478,1
9479,2
9480,2
9481,2
9482,1
9483,2
9484,2
9485,2
9486,1
9487,1
9488,2
9489,1
9490,2
9491,1
9492,1
9493,1
9494,2
9495,1
9496,1
9497,1
9498,1
9499,2
9500,1
9501,1
9502,1
9503,1
9504,1
9505,2
9506,1
9507,1
9508,2
9509,1
9510,2
9511,2
9512,1
9513,2
9514,1
9515,2
9516,2
9517,1
9518,1
9519,2
9520,2
9521,2
9522,2
9523,1
9524,2
9525,1
9526,1
9527,2
9528,2
9529,2
9530,2
9531,2
9532,2
9533,2
9534,2
9535,1
9536,1
9537,2
9538,1
9539,2
9540,2
9541,1
9542,1
9543,1
9544,2
9545,1
9546,2
9547,1
9548,2
9549,2
9550,2
9551,1
9552,1
9553,1
9554,1
9555,2
9556,1
9557,1
9558,1
9559,2
9560,2
9561,1
9562,1
9563,2
9564,2
9565,2
9566,2
9567,1
9568,1
9569,2
9570,1
9571,2
9572,1
9573,1
9574,1
9575,2
9576,1
9577,1
9578,2
9579,2
9580,1
9581,2
9582,1
9583,2
9584,1
9585,2
9586,1
9587,2
9588,1
9589,2
9590,2
9591,2
9592,1
9593,1
9594,2
9595,2
9596,2
9597,2
9598,2
9599,2
9600,2
9601,1
9602,2
9603,2
9604,1
9605,1
9606,2
9607,2
9608,1
9609,2
9610,2
9611,1
9612,1
9613,2
9614,1
9615,1
9616,2
9617,2
9618,2
9619,1
9620,1
9621,1
9622,2
9623,2
9624,2
9625,2
9626,1
9627,1
9628,2
9629,2
9630,2
9631,1
9632,1
9633,1
9634,2
9635,1
9636,2
9637,2
9638,2
9639,2
9640,2
9641,1
9642,2
9643,2
9644,2
9645,1
9646,2
9647,2
9648,1
9649,2
9650,1
9651,2
9652,1
9653,1
9654,2
9655,1
9656,1
9657,2
9658,1
9659,2
9660,1
9661,1
9662,2
9663,2
9664,2
9665,2
9666,2
9667,2
9668,1
9669,2
9670,1
9671,2
9672,1
9673,2
9674,2
9675,1
9676,1
9677,1
9678,1
9679,2
9680,2
9681,2
9682,1
9683,2
9684,1
9685,2
9686,1
9687,2
9688,2
9689,2
9690,2
9691,2
9692,1
9693,2
9694,2
9695,1
9696,1
9697,2
9698,2
9699,2
9700,2
9701,2
9702,2
9703,2
9704,2
9705,2
9706,1
9707,1
9708,2
9709,1
9710,1
9711,1
9712,2
9713,1
9714,1
9715,2
9716,1
9717,2
9718,2
9719,1
9720,2
9721,1
9722,1
9723,2
9724,1
9725,1
9726,2
9727,1
9728,1
9729,1
9730,1
9731,2
9732,1
9733,1
9734,2
9735,1
9736,2
9737,2
9738,2
9739,2
9740,1
9741,2
9742,1
9743,2
9744,2
9745,2
9746,2
9747,2
9748,2
9749,1
9750,1
9751,1
9752,2
9753,1
9754,1
9755,2
9756,2
9757,1
9758,2
9759,2
9760,1
9761,2
9762,2
9763,1
9764,1
9765,1
9766,1
9767,1
9768,2
9769,2
9770,2
9771,1
9772,1
9773,1
9774,2
9775,2
9776,2
9777,1
9778,1
9779,1
9780,1
9781,1
9782,1
9783,1
9784,2
9785,2
9786,2
9787,1
9788,2
9789,2
9790,2
9791,1
9792,2
9793,2
9794,1
9795,1
9796,1
9797,2
9798,2
9799,1
9800,1
9801,2
9802,1
9803,2
9804,2
9805,1
9806,2
9807,2
9808,2
9809,2
9810,1
9811,2
9812,2
9813,1
9814,1
9815,2
9816,1
9817,2
9818,2
9819,1
9820,2
9821,1
9822,2
9823,1
9824,1
9825,1
9826,1
9827,2
9828,1
9829,2
9830,2
9831,1
9832,2
9833,1
9834,2
9835,2
9836,2
9837,2
9838,2
9839,2
9840,2
9841,1
9842,1
9843,1
9844,2
9845,1
9846,1
9847,2
9848,2
9849,2
9850,2
9851,2
9852,2
9853,2
9854,2
9855,1
9856,1
9857,1
9858,2
9859,1
9860,2
9861,1
9862,1
9863,2
9864,1
9865,2
9866,1
9867,1
9868,1
9869,2
9870,1
9871,2
9872,1
9873,2
9874,2
9875,1
9876,2
9877,2
9878,2
9879,1
9880,2
9881,2
9882,1
9883,2
9884,2
9885,2
9886,2
9887,1
9888,1
9889,2
9890,2
9891,1
9892,2
9893,2
9894,2
9895,2
9896,2
9897,2
9898,2
9899,1
9900,1
9901,1
9902,2
9903,1
9904,1
9905,1
9906,1
9907,1
9908,1
9909,1
9910,1
9911,1
9912,2
9913,1
9914,1
9915,2
9916,1
9917,1
9918,1
9919,2
9920,1
9921,1
9922,1
9923,2
9924,1
9925,2
9926,1
9927,1
9928,1
9929,1
9930,2
9931,2
9932,2
9933,2
9934,2
9935,1
9936,2
9937,1
9938,1
9939,2
9940,2
9941,2
9942,1
9943,2
9944,1
9945,1
9946,2
9947,1
9948,1
9949,1
9950,2
9951,2
9952,1
9953,2
9954,1
9955,1
9956,2
9957,1
9958,2
9959,2
9960,1
9961,2
9962,2
9963,1
9964,1
9965,2
9966,2
9967,2
9968,2
9969,1
9970,2
9971,2
9972,1
9973,2
9974,2
9975,2
9976,1
9977,2
9978,2
9979,2
9980,2
9981,2
9982,2
9983,1
9984,2
9985,1
9986,2
9987,1
9988,2
9989,1
9990,2
9991,2
9992,2
9993,2
9994,2
9995,1
9996,1
9997,1
9998,1
9999,2
10000,2
10001,1
10002,2
10003,1
10004,1
10005,1
10006,1
10007,1
10008,2
10009,2
10010,2
10011,2
10012,2
10013,2
10014,1
10015,1
10016,1
10017,1
10018,1
10019,1
10020,1
10021,2
10022,2
10023,1
10024,2
10025,2
10026,1
10027,1
10028,1
10029,2
10030,2
10031,1
10032,2
10033,2
10034,1
10035,2
10036,2
10037,2
10038,1
10039,1
10040,1
10041,2
10042,1
10043,2
10044,1
10045,2
10046,1
10047,2
10048,2
10049,1
10050,2
10051,2
10052,2
10053,1
10054,2
10055,2
10056,2
10057,2
10058,1
10059,1
10060,2
10061,1
10062,1
10063,2
10064,2
10065,2
10066,2
10067,1
10068,2
10069,2
10070,2
10071,2
10072,1
10073,2
10074,1
10075,2
10076,1
10077,2
10078,2
10079,1
10080,1
10081,1
10082,2
10083,2
10084,2
10085,2
10086,2
10087,1
10088,2
10089,2
10090,2
10091,2
10092,1
10093,1
10094,2
10095,1
10096,2
10097,1
10098,2
10099,1
10100,1
10101,1
10102,1
10103,2
10104,1
10105,2
10106,1
10107,1
10108,2
10109,2
10110,1
10111,2
10112,2
10113,1
10114,1
10115,1
10116,1
10117,2
10118,2
10119,1
10120,2
10121,2
10122,2
10123,2
10124,2
10125,2
10126,1
10127,2
10128,1
10129,1
10130,2
10131,1
10132,1
10133,2
10134,2
10135,1
10136,1
10137,1
10138,2
10139,1
10140,1
10141,2
10142,1
10143,2
10144,2
10145,2
10146,1
10147,2
10148,2
10149,1
10150,2
10151,2
10152,1
10153,2
10154,2
10155,2
10156,1
10157,2
10158,1
10159,2
10160,1
10161,2
10162,1
10163,2
10164,2
10165,1
10166,1
10167,2
10168,2
10169,2
10170,1
10171,1
10172,2
10173,2
10174,2
10175,2
10176,2
10177,1
10178,2
10179,2
10180,2
10181,1
10182,2
10183,2
10184,1
10185,2
10186,2
10187,2
10188,1
10189,2
10190,2
10191,1
10192,2
10193,2
10194,2
10195,2
10196,1
10197,1
10198,1
10199,1
10200,2
10201,1
10202,1
10203,1
10204,1
10205,2
10206,2
10207,2
10208,1
10209,2
10210,1
10211,2
10212,1
10213,2
10214,2
10215,2
10216,1
10217,1
10218,2
10219,2
10220,2
10221,2
10222,2
10223,2
10224,1
10225,1
10226,1
10227,2
10228,2
10229,2
10230,2
10231,1
10232,1
10233,1
10234,1
10235,1
10236,2
10237,2
10238,2
10239,2
10240,2
10241,2
10242,2
10243,1
10244,1
10245,1
10246,1
10247,2
10248,2
10249,2
10250,2
10251,1
10252,1
10253,1
10254,1
10255,1
10256,1
10257,1
10258,1
10259,1
10260,2
10261,1
10262,1
10263,1
10264,2
10265,2
10266,2
10267,1
10268,2
10269,2
10270,1
10271,2
10272,2
10273,2
10274,2
10275,1
10276,1
10277,1
10278,2
10279,2
10280,1
10281,1
10282,1
10283,2
10284,1
10285,2
10286,2
10287,2
10288,2
10289,1
10290,2
10291,2
10292,2
10293,1
10294,2
10295,2
10296,1
10297,1
10298,1
10299,1
10300,2
10301,2
10302,1
10303,2
10304,2
10305,2
10306,2
10307,1
10308,1
10309,1
10310,1
10311,2
10312,1
10313,2
10314,2
10315,2
10316,2
10317,2
10318,1
10319,2
10320,2
10321,1
10322,2
10323,2
10324,2
10325,2
10326,2
10327,1
10328,2
10329,2
10330,2
10331,2
10332,2
10333,1
10334,2
10335,2
10336,1
10337,1
10338,1
10339,2
10340,1
10341,1
10342,1
10343,2
10344,2
10345,1
10346,2
10347,2
10348,1
10349,1
10350,1
10351,2
10352,1
10353,1
10354,1
10355,1
10356,1
10357,2
10358,1
10359,1
10360,2
10361,2
10362,2
10363,1
10364,1
10365,1
10366,1
10367,1
10368,1
10369,1
10370,2
10371,1
10372,2
10373,1
10374,1
10375,2
10376,2
10377,2
10378,2
10379,2
10380,1
10381,1
10382,1
10383,1
10384,1
10385,2
10386,2
10387,2
10388,1
10389,2
10390,1
10391,2
10392,1
10393,1
10394,1
10395,2
10396,2
10397,1
10398,2
10399,2
10400,1
10401,1
10402,2
10403,1
10404,2
10405,2
10406,2
10407,2
10408,2
10409,1
10410,1
10411,2
10412,2
10413,1
10414,1
10415,1
10416,2
10417,2
10418,2
10419,2
10420,2
10421,2
10422,1
10423,2
10424,1
10425,2
10426,1
10427,1
10428,2
10429,1
10430,2
10431,2
10432,2
10433,2
10434,1
10435,1
10436,1
10437,1
10438,2
10439,1
10440,1
10441,1
10442,1
10443,1
10444,1
10445,1
10446,2
10447,1
10448,1
10449,1
10450,2
10451,2
10452,1
10453,2
10454,2
10455,1
10456,1
10457,1
10458,1
10459,1
10460,1
10461,1
10462,2
10463,2
10464,1
10465,1
10466,2
10467,2
10468,1
10469,2
10470,2
10471,2
10472,2
10473,1
10474,1
10475,2
10476,2
10477,2
10478,1
10479,2
10480,2
10481,1
10482,1
10483,1
10484,1
10485,2
10486,1
10487,1
10488,2
10489,2
10490,2
10491,1
10492,1
10493,1
10494,2
10495,1
10496,2
10497,1
10498,1
10499,2
10500,1
10501,1
10502,2
10503,1
10504,1
10505,2
10506,2
10507,2
10508,2
10509,1
10510,2
10511,2
10512,1
10513,2
10514,2
10515,1
10516,1
10517,1
10518,2
10519,1
10520,2
10521,2
10522,2
10523,1
10524,1
10525,1
10526,1
10527,1
10528,2
10529,2
10530,1
10531,2
10532,1
10533,1
10534,2
10535,2
10536,2
10537,1
10538,2
10539,2
10540,1
10541,2
10542,1
10543,2
10544,1
10545,2
10546,2
10547,2
10548,2
10549,2
10550,1
10551,1
10552,1
10553,2
10554,2
10555,1
10556,2
10557,1
10558,1
10559,2
10560,2
10561,2
10562,1
10563,2
10564,2
10565,1
10566,1
10567,1
10568,2
10569,1
10570,2
10571,2
10572,2
10573,1
10574,2
10575,1
10576,1
10577,1
10578,1
10579,1
10580,2
10581,1
10582,2
10583,1
10584,2
10585,1
10586,1
10587,2
10588,2
10589,1
10590,1
10591,1
10592,2
10593,2
10594,1
10595,1
10596,2
10597,2
10598,2
10599,1
10600,2
10601,2
10602,1
10603,1
10604,2
10605,2
10606,2
10607,2
10608,1
10609,2
10610,1
10611,1
10612,2
10613,1
10614,1
10615,2
10616,2
10617,2
10618,1
10619,1
10620,2
10621,1
10622,2
10623,2
10624,2
10625,1
10626,2
10627,1
10628,1
10629,1
10630,2
10631,1
10632,2
10633,1
10634,1
10635,2
10636,2
10637,1
10638,1
10639,1
10640,1
10641,2
10642,1
10643,2
10644,1
10645,2
10646,1
10647,2
10648,1
10649,1
10650,1
10651,2
10652,2
10653,2
10654,1
10655,2
10656,1
10657,2
10658,2
10659,1
10660,2
10661,2
10662,1
10663,1
10664,2
10665,1
10666,1
10667,2
10668,1
10669,1
10670,1
10671,1
10672,2
10673,1
10674,1
10675,2
10676,2
10677,1
10678,1
10679,1
10680,1
10681,2
10682,2
10683,1
10684,1
10685,2
10686,1
10687,1
10688,2
10689,1
10690,2
10691,2
10692,2
10693,2
10694,1
10695,2
10696,1
10697,1
10698,1
10699,2
10700,2
10701,2
10702,2
10703,2
10704,1
10705,2
10706,2
10707,1
10708,2
10709,1
10710,2
10711,1
10712,2
10713,1
10714,1
10715,2
10716,2
10717,2
10718,1
10719,1
10720,1
10721,2
10722,1
10723,2
10724,1
10725,2
10726,2
10727,2
10728,2
10729,2
10730,2
10731,1
10732,2
10733,2
10734,2
10735,1
10736,2
10737,1
10738,1
10739,2
10740,2
10741,2
10742,2
10743,2
10744,1
10745,2
10746,1
10747,1
10748,2
10749,1
10750,1
10751,1
10752,2
10753,2
10754,2
10755,2
10756,2
10757,2
10758,2
10759,2
10760,2
10761,1
10762,1
10763,1
10764,2
10765,2
10766,2
10767,1
10768,1
10769,1
10770,2
10771,2
10772,1
10773,2
10774,2
10775,2
10776,2
10777,2
10778,1
10779,2
10780,2
10781,2
10782,2
10783,1
10784,2
10785,1
10786,2
10787,2
10788,2
10789,2
10790,1
10791,1
10792,2
10793,2
10794,2
10795,2
10796,2
10797,2
10798,1
10799,1
10800,2
10801,2
10802,1
10803,2
10804,2
10805,2
10806,2
10807,2
10808,1
10809,2
10810,2
10811,2
10812,1
10813,1
10814,2
10815,1
10816,2
10817,2
10818,1
10819,2
10820,2
10821,1
10822,2
10823,2
10824,1
10825,2
10826,1
10827,2
10828,2
10829,2
10830,2
10831,2
10832,1
10833,2
10834,1
10835,1
10836,1
10837,2
10838,1
10839,2
10840,2
10841,2
10842,1
10843,1
10844,2
10845,1
10846,2
10847,1
10848,2
10849,1
10850,1
10851,2
10852,2
10853,1
10854,1
10855,2
10856,1
10857,2
10858,2
10859,1
10860,1
10861,2
10862,1
10863,2
10864,2
10865,2
10866,2
10867,2
10868,2
10869,1
10870,2
10871,1
10872,1
10873,2
10874,2
10875,1
10876,2
10877,1
10878,2
10879,1
10880,2
10881,2
10882,1
10883,2
10884,2
10885,1
10886,2
10887,1
10888,2
10889,1
10890,2
10891,2
10892,2
10893,2
10894,2
10895,1
10896,2
10897,1
10898,1
10899,2
10900,2
10901,1
10902,2
10903,1
10904,2
10905,1
10906,2
10907,2
10908,1
10909,2
10910,1
10911,2
10912,2
10913,1
10914,2
10915,1
10916,2
10917,2
10918,1
10919,2
10920,1
10921,2
10922,2
10923,2
10924,2
10925,2
10926,2
10927,1
10928,1
10929,2
10930,2
10931,2
10932,1
10933,1
10934,2
10935,1
10936,1
10937,1
10938,1
10939,1
10940,2
10941,1
10942,2
10943,2
10944,1
10945,2
10946,2
10947,2
10948,2
10949,1
10950,1
10951,2
10952,2
10953,2
10954,1
10955,2
10956,2
10957,2
10958,2
10959,1
10960,1
10961,1
10962,2
10963,1
10964,2
10965,2
10966,1
10967,1
10968,2
10969,2
10970,1
10971,2
10972,2
10973,2
10974,1
10975,1
10976,2
10977,2
10978,1
10979,2
10980,1
10981,2
10982,2
10983,2
10984,1
10985,2
10986,2
10987,1
10988,2
10989,1
10990,1
10991,2
10992,2
10993,2
10994,2
10995,2
10996,2
10997,2
10998,2
10999,2
11000,2
11001,2
11002,1
11003,2
11004,2
11005,1
11006,1
11007,1
11008,1
11009,2
11010,1
11011,2
11012,1
11013,1
11014,1
11015,2
11016,1
11017,2
11018,1
11019,1
11020,2
11021,2
11022,2
11023,1
11024,2
11025,2
11026,1
11027,1
11028,2
11029,2
11030,1
11031,2
11032,1
11033,2
11034,2
11035,2
11036,1
11037,2
11038,2
11039,2
11040,2
11041,1
11042,1
11043,1
11044,1
11045,1
11046,2
11047,2
11048,2
11049,1
11050,2
11051,1
11052,1
11053,1
11054,2
11055,2
11056,2
11057,2
11058,1
11059,1
11060,1
11061,1
11062,1
11063,1
11064,2
11065,2
11066,2
11067,2
11068,1
11069,2
11070,2
11071,2
11072,2
11073,1
11074,1
11075,2
11076,2
11077,2
11078,1
11079,1
11080,1
11081,2
11082,2
11083,2
11084,2
11085,2
11086,1
11087,2
11088,1
11089,1
11090,2
11091,2
11092,2
11093,1
11094,1
11095,2
11096,1
11097,2
11098,2
11099,1
11100,2
11101,1
11102,1
11103,1
11104,2
11105,1
11106,1
11107,2
11108,2
11109,2
11110,1
11111,1
11112,1
11113,1
11114,1
11115,1
11116,1
11117,2
11118,2
11119,1
11120,1
11121,1
11122,1
11123,1
11124,1
11125,1
11126,2
11127,1
11128,1
11129,1
11130,2
11131,2
11132,2
11133,2
11134,2
11135,2
11136,2
11137,2
11138,2
11139,2
11140,1
11141,2
11142,2
11143,1
11144,2
11145,1
11146,2
11147,1
11148,2
11149,1
11150,1
11151,1
11152,2
11153,2
11154,1
11155,1
11156,2
11157,1
11158,2
11159,1
11160,1
11161,1
11162,1
11163,1
11164,2
11165,1
11166,2
11167,1
11168,2
11169,1
11170,1
11171,1
11172,1
11173,1
11174,2
11175,2
11176,1
11177,1
11178,1
11179,2
11180,2
11181,2
11182,2
11183,1
11184,2
11185,1
11186,1
11187,1
11188,2
11189,1
11190,2
11191,2
11192,1
11193,1
11194,1
11195,1
11196,1
11197,1
11198,1
11199,1
11200,1
11201,1
11202,1
11203,1
11204,2
11205,2
11206,2
11207,1
11208,2
11209,1
11210,1
11211,1
11212,1
11213,1
11214,1
11215,2
11216,2
11217,2
11218,1
11219,2
11220,1
11221,1
11222,2
11223,1
11224,1
11225,1
11226,1
11227,2
11228,1
11229,2
11230,2
11231,2
11232,1
11233,1
11234,2
11235,2
11236,2
11237,2
11238,2
11239,1
11240,2
11241,2
11242,1
11243,1
11244,2
11245,2
11246,2
11247,1
11248,1
11249,1
11250,1
11251,2
11252,2
11253,1
11254,2
11255,1
11256,2
11257,1
11258,1
11259,2
11260,1
11261,1
11262,1
11263,2
11264,1
11265,1
11266,1
11267,2
11268,1
11269,2
11270,1
11271,1
11272,2
11273,1
11274,2
11275,1
11276,2
11277,1
11278,2
11279,1
11280,1
11281,2
11282,1
11283,1
11284,1
11285,1
11286,2
11287,2
11288,1
11289,2
11290,1
11291,1
11292,1
11293,1
11294,2
11295,2
11296,2
11297,1
11298,2
11299,2
11300,1
11301,1
11302,1
11303,1
11304,1
11305,1
11306,1
11307,2
11308,1
11309,1
11310,1
11311,2
11312,2
11313,2
11314,1
11315,2
11316,2
11317,2
11318,2
11319,1
11320,2
11321,1
11322,2
11323,2
11324,2
11325,2
11326,2
11327,2
11328,1
11329,1
11330,2
11331,1
11332,2
11333,2
11334,2
11335,2
11336,1
11337,1
11338,1
11339,1
11340,1
11341,1
11342,2
11343,1
11344,2
11345,2
11346,2
11347,2
11348,1
11349,1
11350,1
11351,2
11352,2
11353,2
11354,2
11355,2
11356,1
11357,1
11358,2
11359,2
11360,1
11361,2
11362,1
11363,1
11364,2
11365,1
11366,1
11367,1
11368,2
11369,2
11370,2
11371,1
11372,1
11373,2
11374,1
11375,1
11376,1
11377,1
11378,2
11379,2
11380,2
11381,1
11382,1
